scenario,load,algorithm,availability,workload,detail,report
sym,1,ecmp,available,ENT,Report and both delivery files are present; validation follows,conga_sym_cdf_10gbps_5s/ENT_load_1_ECMP.csv
sym,1,conga,available,ENT,Report and both delivery files are present; validation follows,conga_sym_cdf_10gbps_5s/ENT_load_1_Conga.csv
sym,1,weighted_fixed,available,ENT,Report and both delivery files are present; validation follows,rtt_sym_cdf_10gbps_5s/ENT_load_1_WEIGHTED_ECMP_timeout_true_RTT.csv
sym,1,weighted_adaptive,available,ENT,Report and both delivery files are present; validation follows,rtt_sym_cdf_10gbps_5s/ENT_load_1_WEIGHTED_ECMP_timeout_false_RTT.csv
sym,1,random_two_adaptive,available,ENT,Report and both delivery files are present; validation follows,rtt_sym_cdf_10gbps_5s/ENT_load_1_POWER_OF_2_RANDOM_timeout_false_RTT.csv
sym,2,ecmp,available,ENT,Report and both delivery files are present; validation follows,conga_sym_cdf_10gbps_5s/ENT_load_2_ECMP.csv
sym,2,conga,available,ENT,Report and both delivery files are present; validation follows,conga_sym_cdf_10gbps_5s/ENT_load_2_Conga.csv
sym,2,weighted_fixed,available,ENT,Report and both delivery files are present; validation follows,rtt_sym_cdf_10gbps_5s/ENT_load_2_WEIGHTED_ECMP_timeout_true_RTT.csv
sym,2,weighted_adaptive,available,ENT,Report and both delivery files are present; validation follows,rtt_sym_cdf_10gbps_5s/ENT_load_2_WEIGHTED_ECMP_timeout_false_RTT.csv
sym,2,random_two_adaptive,available,ENT,Report and both delivery files are present; validation follows,rtt_sym_cdf_10gbps_5s/ENT_load_2_POWER_OF_2_RANDOM_timeout_false_RTT.csv
sym,3,ecmp,available,ENT,Report and both delivery files are present; validation follows,conga_sym_cdf_10gbps_5s/ENT_load_3_ECMP.csv
sym,3,conga,available,ENT,Report and both delivery files are present; validation follows,conga_sym_cdf_10gbps_5s/ENT_load_3_Conga.csv
sym,3,weighted_fixed,available,ENT,Report and both delivery files are present; validation follows,rtt_sym_cdf_10gbps_5s/ENT_load_3_WEIGHTED_ECMP_timeout_true_RTT.csv
sym,3,weighted_adaptive,available,ENT,Report and both delivery files are present; validation follows,rtt_sym_cdf_10gbps_5s/ENT_load_3_WEIGHTED_ECMP_timeout_false_RTT.csv
sym,3,random_two_adaptive,available,ENT,Report and both delivery files are present; validation follows,rtt_sym_cdf_10gbps_5s/ENT_load_3_POWER_OF_2_RANDOM_timeout_false_RTT.csv
sym,4,ecmp,available,ENT,Report and both delivery files are present; validation follows,conga_sym_cdf_10gbps_5s/ENT_load_4_ECMP.csv
sym,4,conga,available,ENT,Report and both delivery files are present; validation follows,conga_sym_cdf_10gbps_5s/ENT_load_4_Conga.csv
sym,4,weighted_fixed,available,ENT,Report and both delivery files are present; validation follows,rtt_sym_cdf_10gbps_5s/ENT_load_4_WEIGHTED_ECMP_timeout_true_RTT.csv
sym,4,weighted_adaptive,available,ENT,Report and both delivery files are present; validation follows,rtt_sym_cdf_10gbps_5s/ENT_load_4_WEIGHTED_ECMP_timeout_false_RTT.csv
sym,4,random_two_adaptive,available,ENT,Report and both delivery files are present; validation follows,rtt_sym_cdf_10gbps_5s/ENT_load_4_POWER_OF_2_RANDOM_timeout_false_RTT.csv
sym,5,ecmp,available,ENT,Report and both delivery files are present; validation follows,conga_sym_cdf_10gbps_5s/ENT_load_5_ECMP.csv
sym,5,conga,available,ENT,Report and both delivery files are present; validation follows,conga_sym_cdf_10gbps_5s/ENT_load_5_Conga.csv
sym,5,weighted_fixed,available,ENT,Report and both delivery files are present; validation follows,rtt_sym_cdf_10gbps_5s/ENT_load_5_WEIGHTED_ECMP_timeout_true_RTT.csv
sym,5,weighted_adaptive,available,ENT,Report and both delivery files are present; validation follows,rtt_sym_cdf_10gbps_5s/ENT_load_5_WEIGHTED_ECMP_timeout_false_RTT.csv
sym,5,random_two_adaptive,available,ENT,Report and both delivery files are present; validation follows,rtt_sym_cdf_10gbps_5s/ENT_load_5_POWER_OF_2_RANDOM_timeout_false_RTT.csv
sym,6,ecmp,available,ENT,Report and both delivery files are present; validation follows,conga_sym_cdf_10gbps_5s/ENT_load_6_ECMP.csv
sym,6,conga,available,ENT,Report and both delivery files are present; validation follows,conga_sym_cdf_10gbps_5s/ENT_load_6_Conga.csv
sym,6,weighted_fixed,available,ENT,Report and both delivery files are present; validation follows,rtt_sym_cdf_10gbps_5s/ENT_load_6_WEIGHTED_ECMP_timeout_true_RTT.csv
sym,6,weighted_adaptive,available,ENT,Report and both delivery files are present; validation follows,rtt_sym_cdf_10gbps_5s/ENT_load_6_WEIGHTED_ECMP_timeout_false_RTT.csv
sym,6,random_two_adaptive,available,ENT,Report and both delivery files are present; validation follows,rtt_sym_cdf_10gbps_5s/ENT_load_6_POWER_OF_2_RANDOM_timeout_false_RTT.csv
sym,7,ecmp,available,ENT,Report and both delivery files are present; validation follows,conga_sym_cdf_10gbps_5s/ENT_load_7_ECMP.csv
sym,7,conga,available,ENT,Report and both delivery files are present; validation follows,conga_sym_cdf_10gbps_5s/ENT_load_7_Conga.csv
sym,7,weighted_fixed,available,ENT,Report and both delivery files are present; validation follows,rtt_sym_cdf_10gbps_5s/ENT_load_7_WEIGHTED_ECMP_timeout_true_RTT.csv
sym,7,weighted_adaptive,available,ENT,Report and both delivery files are present; validation follows,rtt_sym_cdf_10gbps_5s/ENT_load_7_WEIGHTED_ECMP_timeout_false_RTT.csv
sym,7,random_two_adaptive,available,ENT,Report and both delivery files are present; validation follows,rtt_sym_cdf_10gbps_5s/ENT_load_7_POWER_OF_2_RANDOM_timeout_false_RTT.csv
sym,8,ecmp,available,ENT,Report and both delivery files are present; validation follows,conga_sym_cdf_10gbps_5s/ENT_load_8_ECMP.csv
sym,8,conga,available,ENT,Report and both delivery files are present; validation follows,conga_sym_cdf_10gbps_5s/ENT_load_8_Conga.csv
sym,8,weighted_fixed,available,ENT,Report and both delivery files are present; validation follows,rtt_sym_cdf_10gbps_5s/ENT_load_8_WEIGHTED_ECMP_timeout_true_RTT.csv
sym,8,weighted_adaptive,available,ENT,Report and both delivery files are present; validation follows,rtt_sym_cdf_10gbps_5s/ENT_load_8_WEIGHTED_ECMP_timeout_false_RTT.csv
sym,8,random_two_adaptive,available,ENT,Report and both delivery files are present; validation follows,rtt_sym_cdf_10gbps_5s/ENT_load_8_POWER_OF_2_RANDOM_timeout_false_RTT.csv
sym,9,ecmp,available,ENT,Report and both delivery files are present; validation follows,conga_sym_cdf_10gbps_5s/ENT_load_9_ECMP.csv
sym,9,conga,available,ENT,Report and both delivery files are present; validation follows,conga_sym_cdf_10gbps_5s/ENT_load_9_Conga.csv
sym,9,weighted_fixed,available,ENT,Report and both delivery files are present; validation follows,rtt_sym_cdf_10gbps_5s/ENT_load_9_WEIGHTED_ECMP_timeout_true_RTT.csv
sym,9,weighted_adaptive,available,ENT,Report and both delivery files are present; validation follows,rtt_sym_cdf_10gbps_5s/ENT_load_9_WEIGHTED_ECMP_timeout_false_RTT.csv
sym,9,random_two_adaptive,available,ENT,Report and both delivery files are present; validation follows,rtt_sym_cdf_10gbps_5s/ENT_load_9_POWER_OF_2_RANDOM_timeout_false_RTT.csv
asym,1,ecmp,available,ENT,Report and both delivery files are present; validation follows,conga_asym_cdf_10gbps_5s/ENT_load_1_ECMP.csv
asym,1,conga,available,ENT,Report and both delivery files are present; validation follows,conga_asym_cdf_10gbps_5s/ENT_load_1_Conga.csv
asym,1,weighted_fixed,available,ENT,Report and both delivery files are present; validation follows,rtt_asym_cdf_10gbps_5s/ENT_load_1_WEIGHTED_ECMP_timeout_true_RTT.csv
asym,1,weighted_adaptive,available,ENT,Report and both delivery files are present; validation follows,rtt_asym_cdf_10gbps_5s/ENT_load_1_WEIGHTED_ECMP_timeout_false_RTT.csv
asym,1,random_two_adaptive,available,ENT,Report and both delivery files are present; validation follows,rtt_asym_cdf_10gbps_5s/ENT_load_1_POWER_OF_2_RANDOM_timeout_false_RTT.csv
asym,2,ecmp,available,ENT,Report and both delivery files are present; validation follows,conga_asym_cdf_10gbps_5s/ENT_load_2_ECMP.csv
asym,2,conga,available,ENT,Report and both delivery files are present; validation follows,conga_asym_cdf_10gbps_5s/ENT_load_2_Conga.csv
asym,2,weighted_fixed,available,ENT,Report and both delivery files are present; validation follows,rtt_asym_cdf_10gbps_5s/ENT_load_2_WEIGHTED_ECMP_timeout_true_RTT.csv
asym,2,weighted_adaptive,available,ENT,Report and both delivery files are present; validation follows,rtt_asym_cdf_10gbps_5s/ENT_load_2_WEIGHTED_ECMP_timeout_false_RTT.csv
asym,2,random_two_adaptive,available,ENT,Report and both delivery files are present; validation follows,rtt_asym_cdf_10gbps_5s/ENT_load_2_POWER_OF_2_RANDOM_timeout_false_RTT.csv
asym,3,ecmp,available,ENT,Report and both delivery files are present; validation follows,conga_asym_cdf_10gbps_5s/ENT_load_3_ECMP.csv
asym,3,conga,available,ENT,Report and both delivery files are present; validation follows,conga_asym_cdf_10gbps_5s/ENT_load_3_Conga.csv
asym,3,weighted_fixed,available,ENT,Report and both delivery files are present; validation follows,rtt_asym_cdf_10gbps_5s/ENT_load_3_WEIGHTED_ECMP_timeout_true_RTT.csv
asym,3,weighted_adaptive,available,ENT,Report and both delivery files are present; validation follows,rtt_asym_cdf_10gbps_5s/ENT_load_3_WEIGHTED_ECMP_timeout_false_RTT.csv
asym,3,random_two_adaptive,available,ENT,Report and both delivery files are present; validation follows,rtt_asym_cdf_10gbps_5s/ENT_load_3_POWER_OF_2_RANDOM_timeout_false_RTT.csv
asym,4,ecmp,available,ENT,Report and both delivery files are present; validation follows,conga_asym_cdf_10gbps_5s/ENT_load_4_ECMP.csv
asym,4,conga,available,ENT,Report and both delivery files are present; validation follows,conga_asym_cdf_10gbps_5s/ENT_load_4_Conga.csv
asym,4,weighted_fixed,available,ENT,Report and both delivery files are present; validation follows,rtt_asym_cdf_10gbps_5s/ENT_load_4_WEIGHTED_ECMP_timeout_true_RTT.csv
asym,4,weighted_adaptive,available,ENT,Report and both delivery files are present; validation follows,rtt_asym_cdf_10gbps_5s/ENT_load_4_WEIGHTED_ECMP_timeout_false_RTT.csv
asym,4,random_two_adaptive,available,ENT,Report and both delivery files are present; validation follows,rtt_asym_cdf_10gbps_5s/ENT_load_4_POWER_OF_2_RANDOM_timeout_false_RTT.csv
asym,5,ecmp,available,ENT,Report and both delivery files are present; validation follows,conga_asym_cdf_10gbps_5s/ENT_load_5_ECMP.csv
asym,5,conga,available,ENT,Report and both delivery files are present; validation follows,conga_asym_cdf_10gbps_5s/ENT_load_5_Conga.csv
asym,5,weighted_fixed,available,ENT,Report and both delivery files are present; validation follows,rtt_asym_cdf_10gbps_5s/ENT_load_5_WEIGHTED_ECMP_timeout_true_RTT.csv
asym,5,weighted_adaptive,available,ENT,Report and both delivery files are present; validation follows,rtt_asym_cdf_10gbps_5s/ENT_load_5_WEIGHTED_ECMP_timeout_false_RTT.csv
asym,5,random_two_adaptive,available,ENT,Report and both delivery files are present; validation follows,rtt_asym_cdf_10gbps_5s/ENT_load_5_POWER_OF_2_RANDOM_timeout_false_RTT.csv
asym,6,ecmp,available,ENT,Report and both delivery files are present; validation follows,conga_asym_cdf_10gbps_5s/ENT_load_6_ECMP.csv
asym,6,conga,available,ENT,Report and both delivery files are present; validation follows,conga_asym_cdf_10gbps_5s/ENT_load_6_Conga.csv
asym,6,weighted_fixed,available,ENT,Report and both delivery files are present; validation follows,rtt_asym_cdf_10gbps_5s/ENT_load_6_WEIGHTED_ECMP_timeout_true_RTT.csv
asym,6,weighted_adaptive,available,ENT,Report and both delivery files are present; validation follows,rtt_asym_cdf_10gbps_5s/ENT_load_6_WEIGHTED_ECMP_timeout_false_RTT.csv
asym,6,random_two_adaptive,available,ENT,Report and both delivery files are present; validation follows,rtt_asym_cdf_10gbps_5s/ENT_load_6_POWER_OF_2_RANDOM_timeout_false_RTT.csv
asym,7,ecmp,available,ENT,Report and both delivery files are present; validation follows,conga_asym_cdf_10gbps_5s/ENT_load_7_ECMP.csv
asym,7,conga,available,ENT,Report and both delivery files are present; validation follows,conga_asym_cdf_10gbps_5s/ENT_load_7_Conga.csv
asym,7,weighted_fixed,available,ENT,Report and both delivery files are present; validation follows,rtt_asym_cdf_10gbps_5s/ENT_load_7_WEIGHTED_ECMP_timeout_true_RTT.csv
asym,7,weighted_adaptive,available,ENT,Report and both delivery files are present; validation follows,rtt_asym_cdf_10gbps_5s/ENT_load_7_WEIGHTED_ECMP_timeout_false_RTT.csv
asym,7,random_two_adaptive,available,ENT,Report and both delivery files are present; validation follows,rtt_asym_cdf_10gbps_5s/ENT_load_7_POWER_OF_2_RANDOM_timeout_false_RTT.csv
