scenario,load,shared_flows,excluded_flows,workload,available_algorithms,compared_algorithms,input_flows,status,reason
sym,1,1678,0,ENT,ecmp;conga;weighted_fixed;weighted_adaptive;random_two_adaptive,ecmp;conga;weighted_fixed;weighted_adaptive;random_two_adaptive,1678,complete cohort,
sym,2,3211,0,ENT,ecmp;conga;weighted_fixed;weighted_adaptive;random_two_adaptive,ecmp;conga;weighted_fixed;weighted_adaptive;random_two_adaptive,3211,complete cohort,
sym,3,4795,0,ENT,ecmp;conga;weighted_fixed;weighted_adaptive;random_two_adaptive,ecmp;conga;weighted_fixed;weighted_adaptive;random_two_adaptive,4795,complete cohort,
sym,4,6549,0,ENT,ecmp;conga;weighted_fixed;weighted_adaptive;random_two_adaptive,ecmp;conga;weighted_fixed;weighted_adaptive;random_two_adaptive,6549,complete cohort,
sym,5,8057,0,ENT,ecmp;conga;weighted_fixed;weighted_adaptive;random_two_adaptive,ecmp;conga;weighted_fixed;weighted_adaptive;random_two_adaptive,8057,complete cohort,
sym,6,9607,0,ENT,ecmp;conga;weighted_fixed;weighted_adaptive;random_two_adaptive,ecmp;conga;weighted_fixed;weighted_adaptive;random_two_adaptive,9607,complete cohort,
sym,7,11459,0,ENT,ecmp;conga;weighted_fixed;weighted_adaptive;random_two_adaptive,ecmp;conga;weighted_fixed;weighted_adaptive;random_two_adaptive,11459,complete cohort,
sym,8,13074,0,ENT,ecmp;conga;weighted_fixed;weighted_adaptive;random_two_adaptive,ecmp;conga;weighted_fixed;weighted_adaptive;random_two_adaptive,13074,complete cohort,
sym,9,14826,0,ENT,ecmp;conga;weighted_fixed;weighted_adaptive;random_two_adaptive,ecmp;conga;weighted_fixed;weighted_adaptive;random_two_adaptive,14826,complete cohort,
asym,1,1678,0,ENT,ecmp;conga;weighted_fixed;weighted_adaptive;random_two_adaptive,ecmp;conga;weighted_fixed;weighted_adaptive;random_two_adaptive,1678,complete cohort,
asym,2,3211,0,ENT,ecmp;conga;weighted_fixed;weighted_adaptive;random_two_adaptive,ecmp;conga;weighted_fixed;weighted_adaptive;random_two_adaptive,3211,complete cohort,
asym,3,4795,0,ENT,ecmp;conga;weighted_fixed;weighted_adaptive;random_two_adaptive,ecmp;conga;weighted_fixed;weighted_adaptive;random_two_adaptive,4795,complete cohort,
asym,4,6549,0,ENT,ecmp;conga;weighted_fixed;weighted_adaptive;random_two_adaptive,ecmp;conga;weighted_fixed;weighted_adaptive;random_two_adaptive,6549,complete cohort,
asym,5,8057,0,ENT,ecmp;conga;weighted_fixed;weighted_adaptive;random_two_adaptive,ecmp;conga;weighted_fixed;weighted_adaptive;random_two_adaptive,8057,complete cohort,
asym,6,9607,0,ENT,ecmp;conga;weighted_fixed;weighted_adaptive;random_two_adaptive,ecmp;conga;weighted_fixed;weighted_adaptive;random_two_adaptive,9607,complete cohort,
asym,7,11459,0,ENT,ecmp;conga;weighted_fixed;weighted_adaptive;random_two_adaptive,ecmp;conga;weighted_fixed;weighted_adaptive;random_two_adaptive,11459,complete cohort,
