scenario,load,algorithm,size_group,n,workload,mean_fct_ms,p99_fct_ms,mean_relative_to_ecmp,mean_relative_to_conga,p99_relative_to_ecmp,p99_relative_to_conga,excluded_input_flows
sym,1,ecmp,All flows,1678,ENT,1.9918907201880858,40.524194987619175,1.0,1.07905083618841,1.0,1.0239922879221421,0
sym,1,conga,All flows,1678,ENT,1.8459655962309895,39.57470721761957,0.9267403967104595,1.0,0.976569854865971,1.0,0
sym,1,weighted_fixed,All flows,1678,ENT,1.976963297661267,46.7688974024325,0.9925059028713136,1.0709643244152236,1.1540981237683114,1.181787578244165,0
sym,1,weighted_adaptive,All flows,1678,ENT,2.1228286552298012,48.65722315367538,1.0657355013076981,1.1499827838417458,1.2006956132883326,1.2295030481491993,0
sym,1,random_two_adaptive,All flows,1678,ENT,2.02738696273874,46.771636272432495,1.0178203764849623,1.0982799283357008,1.154165709811682,1.1818567858313476,0
sym,1,ecmp,Small (<100 KiB),1584,ENT,0.15325517402569167,0.47048582766547453,1.0,1.0445878619144744,1.0,1.1595678851229552,0
sym,1,conga,Small (<100 KiB),1584,ENT,0.14671353134892107,0.4057423749844421,0.9573153551365648,1.0,0.8623902169332369,1.0,0
sym,1,weighted_fixed,Small (<100 KiB),1584,ENT,0.15388759574286262,0.43979316326905993,1.0041265929270677,1.0488984507971515,0.9347638917229241,1.083922189014454,0
sym,1,weighted_adaptive,Small (<100 KiB),1584,ENT,0.1502838274347817,0.463746009478117,0.980611769815929,1.02433515200019,0.9856747689493642,1.1429568072496716,0
sym,1,random_two_adaptive,Small (<100 KiB),1584,ENT,0.15674157996003393,0.466864319478111,1.022749025972577,1.0683512183158055,0.9923026200271893,1.1506422505068952,0
sym,1,ecmp,Medium (100 KiB-1 MiB),39,ENT,1.3319886166773371,2.8950350768308435,1.0,1.0290606329960692,1.0,1.0690144183855481,0
sym,1,conga,Medium (100 KiB-1 MiB),39,ENT,1.294373308985016,2.708134733302285,0.9717600381704815,1.0,0.9354410780634976,1.0,0
sym,1,weighted_fixed,Medium (100 KiB-1 MiB),39,ENT,1.3443601807799048,2.857427636830999,1.0092880404139104,1.0386185897437008,0.9870096772571706,1.0551275760739818,0
sym,1,weighted_adaptive,Medium (100 KiB-1 MiB),39,ENT,1.4276932064209484,3.0928172844802577,1.0718509066408899,1.1029995724652846,1.068317724103683,1.142047050483671,0
sym,1,random_two_adaptive,Medium (100 KiB-1 MiB),39,ENT,1.3805715653952981,3.2045468768310506,1.0364739969318595,1.0665945873666651,1.106911243486219,1.1833040791598441,0
sym,1,ecmp,Large (>=1 MiB),55,ENT,55.41252503215446,594.0408556676334,1.0,1.0827928678449676,1.0,1.00058601400595,0
sym,1,conga,Large (>=1 MiB),55,ENT,51.17555414124535,593.6929432876333,0.9235376679108106,1.0,0.9994143292053387,1.0,0
sym,1,weighted_fixed,Large (>=1 MiB),55,ENT,54.93011663215445,596.7880513876335,0.9912942353787328,1.0733663280039225,1.004624590537485,1.0052133146182616,0
sym,1,weighted_adaptive,Large (>=1 MiB),55,ENT,59.42503392306356,639.8879279476336,1.0724115872463986,1.1611996180647015,1.0771783149973302,1.077809556576824,0
sym,1,random_two_adaptive,Large (>=1 MiB),55,ENT,56.360624904881746,615.1254515076334,1.017109847857991,1.1013192890755128,1.0354935113281112,1.0361003250288197,0
sym,2,ecmp,All flows,3211,ENT,1.449614894502204,44.627365359534295,1.0,1.0766075878292194,1.0,1.0603262609707411,0
sym,2,conga,All flows,3211,ENT,1.3464654261122988,42.0883335650646,0.9288435371483081,1.0,0.9431059446594185,1.0,0
sym,2,weighted_fixed,All flows,3211,ENT,1.4159704541409492,44.66788675953429,0.9767907735434739,1.0516203585184767,1.0009079944485528,1.0612890313293575,0
sym,2,weighted_adaptive,All flows,3211,ENT,1.490872998519649,52.61068660215977,1.0284614239091499,1.1072493727702342,1.1788884729875702,1.2500064066644168,0
sym,2,random_two_adaptive,All flows,3211,ENT,1.391801476875301,40.877921902033634,0.9601180852610127,1.0336704158040677,0.915983311421282,0.971241159710926,0
sym,2,ecmp,Small (<100 KiB),3037,ENT,0.16030649611860182,0.48471873030372564,1.0,1.076013283579315,1.0,1.0568676869722984,0
sym,2,conga,Small (<100 KiB),3037,ENT,0.14898189322100996,0.45863709930648167,0.9293565565227412,1.0,0.9461922361017467,1.0,0
sym,2,weighted_fixed,Small (<100 KiB),3037,ENT,0.15283641544689006,0.4273517455424871,0.9534012603819557,1.0258724207522456,0.8816489209622821,0.9317862558190299,0
sym,2,weighted_adaptive,Small (<100 KiB),3037,ENT,0.156645378239121,0.4748316212250002,0.9771617621985066,1.0514390363313648,0.9796023787392533,1.0353101001707161,0
sym,2,random_two_adaptive,Small (<100 KiB),3037,ENT,0.1550795379361897,0.4558926274491863,0.9673939714923032,1.0409287637802673,0.9405302476418089,0.9940160273526818,0
sym,2,ecmp,Medium (100 KiB-1 MiB),81,ENT,1.6553243767857984,3.6758992285117964,1.0,1.0492021192181449,1.0,1.14523746478113,0
sym,2,conga,Medium (100 KiB-1 MiB),81,ENT,1.5776982780203779,3.209726665040869,0.9531052041194791,1.0,0.873181353869796,1.0,0
sym,2,weighted_fixed,Medium (100 KiB-1 MiB),81,ENT,1.6024962286376474,2.8914305467843358,0.9680859238895948,1.0157178029302185,0.7865913527653868,0.9008338866597912,0
sym,2,weighted_adaptive,Medium (100 KiB-1 MiB),81,ENT,1.6592957471561622,3.722317249209627,1.0023991493305229,1.0517193117800503,1.0126276640931267,1.1596991387932503,0
sym,2,random_two_adaptive,Medium (100 KiB-1 MiB),81,ENT,1.5751026360450575,3.2233272492097957,0.9515371477241759,0.9983547919069943,0.8768812877698973,1.0042373029196097,0
sym,2,ecmp,Large (>=1 MiB),93,ENT,43.373992720588525,187.56718972374222,1.0,1.0776150389010628,1.0,1.1824714474242335,0
sym,2,conga,Large (>=1 MiB),93,ENT,40.24998831198638,158.62301802916093,0.9279751710033542,1.0,0.845686381838894,1.0,0
sym,2,weighted_fixed,Large (>=1 MiB),93,ENT,42.502309032416484,168.8209214774492,0.9799030793916679,1.0559582950179234,0.9000557172397613,1.0642901867269572,0
sym,2,weighted_adaptive,Large (>=1 MiB),93,ENT,44.914604613061634,168.867204117449,1.0355192546463867,1.1158911218785657,0.9003024695639177,1.0645819643048577,0
sym,2,random_two_adaptive,Large (>=1 MiB),93,ENT,41.618437333491755,169.3904218374491,0.9595251606554669,1.0339987433262896,0.9030919644684942,1.0678804623822549,0
sym,3,ecmp,All flows,4795,ENT,4.195717470572397,73.3463457722083,1.0,1.2501935984010593,1.0,1.184129741801983,0
sym,3,conga,All flows,4795,ENT,3.3560541950770895,61.941139710409956,0.7998761162102849,1.0,0.8445020547142256,1.0,0
sym,3,weighted_fixed,All flows,4795,ENT,3.911698367548411,78.88448827113515,0.932307381272448,1.16556471980887,1.075506726894434,1.273539502823802,0
sym,3,weighted_adaptive,All flows,4795,ENT,4.21277347495196,90.6535705913539,1.0040650984007358,1.2552757583985295,1.235965740854993,1.4635437935947193,0
sym,3,random_two_adaptive,All flows,4795,ENT,4.004853502272084,85.49097352767299,0.9545098139617407,1.1933220590259543,1.1655791795433443,1.3801969729224275,0
sym,3,ecmp,Small (<100 KiB),4537,ENT,0.23268794444694618,0.8839659227723309,1.0,1.1765490564528844,1.0,1.1386432844090226,0
sym,3,conga,Small (<100 KiB),4537,ENT,0.1977715618152504,0.7763326187192382,0.8499433104938668,1.0,0.8782381749337931,1.0,0
sym,3,weighted_fixed,Small (<100 KiB),4537,ENT,0.23003919174692095,0.8727783934590353,0.9886167170958479,1.163156065692668,0.9873439359763906,1.1242325421014892,0
sym,3,weighted_adaptive,Small (<100 KiB),4537,ENT,0.21053256203566062,0.7356614328206847,0.904785000942165,1.0645239391512262,0.8322282724581425,0.9476111335297863,0
sym,3,random_two_adaptive,Small (<100 KiB),4537,ENT,0.23803968502442022,0.8900247763607194,1.0229996469743805,1.2036092693993414,1.006854170994948,1.1464477401826112,0
sym,3,ecmp,Medium (100 KiB-1 MiB),100,ENT,2.377647688270089,7.620606911819122,1.0,1.0760514279863516,1.0,1.090326521139782,0
sym,3,conga,Medium (100 KiB-1 MiB),100,ENT,2.2096041382700964,6.989288771819342,0.929323612228582,1.0,0.917156448652319,1.0,0
sym,3,weighted_fixed,Medium (100 KiB-1 MiB),100,ENT,2.490748878270067,6.962705261818854,1.0475685235276666,1.1272376056554996,0.9136680768850707,0.9961965357465739,0
sym,3,weighted_adaptive,Medium (100 KiB-1 MiB),100,ENT,2.4167864482700856,7.661919832847319,1.0164611267653674,1.0937644469484895,1.0054212113951349,1.0962374117006026,0
sym,3,random_two_adaptive,Medium (100 KiB-1 MiB),100,ENT,2.277927478270076,6.963963251818931,0.9580592993268205,1.0309210771362287,0.9138331542883055,0.9963765240173617,0
sym,3,ecmp,Large (>=1 MiB),158,ENT,119.1455398646319,1495.1239762115197,1.0,1.2571762882129716,1.0,1.3027901675476532,0
sym,3,conga,Large (>=1 MiB),158,ENT,94.77234098488508,1147.632223096918,0.7954333925765193,1.0,0.7675833184114219,1.0,0
sym,3,weighted_fixed,Large (>=1 MiB),158,ENT,110.53057576969522,1310.5529341269178,0.9276937759925832,1.1662746179006316,0.8765513462286354,1.1419624752173247,0
sym,3,weighted_adaptive,Large (>=1 MiB),158,ENT,120.27458185830281,1421.8792664315204,1.009476158276287,1.2690894897012726,0.9510109456169692,1.2389677091799836,0
sym,3,random_two_adaptive,Large (>=1 MiB),158,ENT,113.26261863678381,1337.8147287069178,0.9506240751056899,1.1951020462272604,0.8947851482502432,1.1657172932080861,0
sym,4,ecmp,All flows,6549,ENT,3.763710486755217,76.2086986034932,1.0,1.2638856330301724,1.0,1.2043342552772316,0
sym,4,conga,All flows,6549,ENT,2.9778884959169143,63.27869382570236,0.7912108294185565,1.0,0.8303342661043924,1.0,0
sym,4,weighted_fixed,All flows,6549,ENT,3.392312487976775,68.94238342081938,0.9013213157373767,1.1391670617043224,0.9046524174296718,1.089503895429911,0
sym,4,weighted_adaptive,All flows,6549,ENT,3.4316989164391374,74.34141418087671,0.9117861027078321,1.1523933556090022,0.9754977521354642,1.1748253588426778,0
sym,4,random_two_adaptive,All flows,6549,ENT,3.4999327475583923,72.88388274128022,0.9299155075489789,1.1753068499231154,0.9563722262269339,1.1517918328408423,0
sym,4,ecmp,Small (<100 KiB),6253,ENT,0.2762134843503124,0.9771191178872121,1.0,1.2886139983413292,1.0,1.2667687485515584,0
sym,4,conga,Small (<100 KiB),6253,ENT,0.21434928124779593,0.7713476662606842,0.776027577914856,1.0,0.7894100648941761,1.0,0
sym,4,weighted_fixed,Small (<100 KiB),6253,ENT,0.22704651537541767,0.7720205532834814,0.8219964927109138,1.05923618709476,0.7900987086945882,1.0008723524452459,0
sym,4,weighted_adaptive,Small (<100 KiB),6253,ENT,0.26372401625499775,0.8998602783386095,0.9547832788660141,1.2303470985289788,0.9209320152125807,1.1666078964119058,0
sym,4,random_two_adaptive,Small (<100 KiB),6253,ENT,0.27181459229849714,0.8476049070640275,0.9840743037503691,1.2680919232207228,0.8674529968227126,1.0988623472124066,0
sym,4,ecmp,Medium (100 KiB-1 MiB),108,ENT,2.612390525889458,8.053883491150751,1.0,1.1879616235403565,1.0,1.3270216174018703,0
sym,4,conga,Medium (100 KiB-1 MiB),108,ENT,2.1990529610746403,6.069142646612774,0.8417780340578727,1.0,0.7535672267026557,1.0,0
sym,4,weighted_fixed,Medium (100 KiB-1 MiB),108,ENT,2.5370864518153744,7.58445644523298,0.9711742661260631,1.153717757927732,0.9417141995617944,1.2496751002328,0
sym,4,weighted_adaptive,Medium (100 KiB-1 MiB),108,ENT,2.670216868482038,7.61316316834351,1.02213541276448,1.214257644425784,0.9452785326120641,1.2544050472421278,0
sym,4,random_two_adaptive,Medium (100 KiB-1 MiB),108,ENT,2.4304766092227705,6.463049539843944,0.9303649608035728,1.1052378693212725,0.8024761653114618,1.0649032188180667,0
sym,4,ecmp,Large (>=1 MiB),188,ENT,120.42148342192206,1316.8090243235456,1.0,1.2630425186050718,1.0,1.219177682745397,0
sym,4,conga,Large (>=1 MiB),188,ENT,95.34238289532631,1080.079665958368,0.7917389836602009,1.0,0.8202249878361919,1.0,0
sym,4,weighted_fixed,Large (>=1 MiB),188,ENT,109.16237918256037,1329.5327324740867,0.906502528291293,1.1449512364549002,1.009662531100193,1.2309580250215857,0
sym,4,weighted_adaptive,Large (>=1 MiB),188,ENT,109.23801334213483,1209.664977328368,0.9071306069150171,1.1457445264616906,0.9186335717510606,1.1199775492995856,0
sym,4,random_two_adaptive,Large (>=1 MiB),188,ENT,111.48357151234761,1285.6719863672042,0.9257780949412606,1.1692970967040153,0.9763541733226375,1.190349218570291,0
sym,5,ecmp,All flows,8057,ENT,3.7316835411057925,97.84039236312712,1.0,1.3017155818107435,1.0,1.2421963336596944,0
sym,5,conga,All flows,8057,ENT,2.8667426227739066,78.76403247373531,0.7682169699535717,1.0,0.8050257217020209,1.0,0
sym,5,weighted_fixed,All flows,8057,ENT,3.042975666338509,85.00035769412571,0.8154431191227963,1.0614750142424982,0.8687655030925612,1.0791773227515995,0
sym,5,weighted_adaptive,All flows,8057,ENT,3.5153220030643406,94.22858860739107,0.9420203949080478,1.2262426264353157,0.9630847376170456,1.196340330071503,0
sym,5,random_two_adaptive,All flows,8057,ENT,3.2731223417760167,93.33430773714667,0.8771168041773734,1.1417566110657296,0.953944536431779,1.1849864056702528,0
sym,5,ecmp,Small (<100 KiB),7610,ENT,0.31398285506647333,1.105944344253462,1.0,1.383860616438679,1.0,1.2900915287738821,0
sym,5,conga,Small (<100 KiB),7610,ENT,0.22688907490878535,0.8572603722966573,0.7226161277524235,1.0,0.7751388003845057,1.0,0
sym,5,weighted_fixed,Small (<100 KiB),7610,ENT,0.2648607617681813,0.9150764828602131,0.843551670081182,1.1673579341564218,0.8274163954226024,1.06744288250332,0
sym,5,weighted_adaptive,Small (<100 KiB),7610,ENT,0.3053799697839534,1.0115200837047629,0.9726007801263586,1.345943915134403,0.9146211461369355,1.1799449926687193,0
sym,5,random_two_adaptive,Small (<100 KiB),7610,ENT,0.308066949810231,0.9388745718681939,0.9811585086230589,1.3577866185671614,0.8489347377620128,1.0952035136686498,0
sym,5,ecmp,Medium (100 KiB-1 MiB),175,ENT,3.070807054278103,9.568688563707182,1.0,1.2496755043362298,1.0,1.1635684365029126,0
sym,5,conga,Medium (100 KiB-1 MiB),175,ENT,2.4572835457066713,8.223571784454494,0.8002077311510992,1.0,0.8594251688413661,1.0,0
sym,5,weighted_fixed,Medium (100 KiB-1 MiB),175,ENT,2.7987085114209633,7.896578282975976,0.9113918464925809,1.1389440654135436,0.8252518859195285,0.9602370466204656,0
sym,5,weighted_adaptive,Medium (100 KiB-1 MiB),175,ENT,3.008333174278088,8.643238047698247,0.9796555501873752,1.2242515437561945,0.9032834531244908,1.0510321152710156,0
sym,5,random_two_adaptive,Medium (100 KiB-1 MiB),175,ENT,2.8458701571352316,8.078681381883552,0.9267499086829633,1.158136659526937,0.8442830308559693,0.9823810861790205,0
sym,5,ecmp,Large (>=1 MiB),272,ENT,99.77710856299574,962.0692281816804,1.0,1.2960111279967532,1.0,1.082117247271872,0
sym,5,conga,Large (>=1 MiB),272,ENT,76.98784864387808,889.0619113660326,0.7715983130065418,1.0,0.9241142792253815,1.0,0
sym,5,weighted_fixed,Large (>=1 MiB),272,ENT,80.92606822476044,903.1834110016777,0.8110684844476785,1.051153781411653,0.9387925364879434,1.0158835953437118,0
sym,5,weighted_adaptive,Large (>=1 MiB),272,ENT,93.6490790556428,1068.404262167403,0.9385828112719471,1.2164137679549198,1.1105274245042602,1.2017208796244718,0
sym,5,random_two_adaptive,Large (>=1 MiB),272,ENT,86.50415419902515,1043.6382934574033,0.8669739526918591,1.12360789037198,1.0847850267801302,1.1738645870610585,0
sym,6,ecmp,All flows,9607,ENT,6.663935786961096,166.0525468871808,1.0,1.446602118183637,1.0,1.4327383935806173,0
sym,6,conga,All flows,9607,ENT,4.606612767392029,115.89872068144405,0.6912750834732679,1.0,0.6979641255378504,1.0,0
sym,6,weighted_fixed,All flows,9607,ENT,5.266988131189262,131.62670228703914,0.7903719812989264,1.143353782300025,0.792681020282506,1.1357045316214023,0
sym,6,weighted_adaptive,All flows,9607,ENT,9.645899423580229,245.78767605886216,1.4474778467184144,2.093924519086748,1.4801801036262028,2.1207108638793972,0
sym,6,random_two_adaptive,All flows,9607,ENT,5.268520232365486,145.5065451470679,0.7906018906535787,1.143686369659455,0.8762680722140791,1.255462910129984,0
sym,6,ecmp,Small (<100 KiB),9146,ENT,0.4516573917718075,1.459072975862762,1.0,1.2666592846391345,1.0,1.1636141677458356,0
sym,6,conga,Small (<100 KiB),9146,ENT,0.3565737031647644,1.2539147565462287,0.7894782852240297,1.0,0.8593913925414035,1.0,0
sym,6,weighted_fixed,Small (<100 KiB),9146,ENT,0.4463012528039517,1.3801258324126016,0.9881411462196065,1.251638157393021,0.9458922584708428,1.1006536331177785,0
sym,6,weighted_adaptive,Small (<100 KiB),9146,ENT,0.4406522174879698,1.5775449186215191,0.9756338001229969,1.2357956113335555,1.0811967219725276,1.2580958238075883,0
sym,6,random_two_adaptive,Small (<100 KiB),9146,ENT,0.43899390828175616,1.3359099104147665,0.971962191429274,1.2311449340920895,0.9155881388488001,1.065391330184505,0
sym,6,ecmp,Medium (100 KiB-1 MiB),166,ENT,4.603025211015717,12.087982655623492,1.0,1.3185611757173863,1.0,1.2596386029519808,0
sym,6,conga,Medium (100 KiB-1 MiB),166,ENT,3.4909455061964496,9.5963894940145,0.7584024301761597,1.0,0.7938784963055958,1.0,0
sym,6,weighted_fixed,Medium (100 KiB-1 MiB),166,ENT,4.082740542340997,9.6228651388895,0.8869689726161826,1.169522851357636,0.7960687414134247,1.002758917287748,0
sym,6,weighted_adaptive,Medium (100 KiB-1 MiB),166,ENT,4.962791903786801,10.703194497759002,1.0781587491439564,1.4216182678812417,0.8854409211763496,1.115335564947092,0
sym,6,random_two_adaptive,Medium (100 KiB-1 MiB),166,ENT,4.383505409810896,8.846931449624437,0.9523096678507261,1.255678555288287,0.7318782382194042,0.9219020815216474,0
sym,6,ecmp,Large (>=1 MiB),295,ENT,200.42532344122606,2439.094833483055,1.0,1.4629582462420916,1.0,1.1996538772577772,0
sym,6,conga,Large (>=1 MiB),295,ENT,137.00002987512434,2033.1654652410643,0.6835465076113452,1.0,0.8335737656980238,1.0,0
sym,6,weighted_fixed,Large (>=1 MiB),295,ENT,155.39101284122606,2115.851497421065,0.775306284521446,1.1342407223039668,0.8674740597927489,1.040668619250916,0
sym,6,weighted_adaptive,Large (>=1 MiB),295,ENT,297.6750072039379,3608.9804875642635,1.4852165489518592,2.1728097977443435,1.47963926536247,1.775054981634936,0
sym,6,random_two_adaptive,Large (>=1 MiB),295,ENT,155.49821589546332,2245.2024397331343,0.7758411623123191,1.1350232261788562,0.9205064144746515,1.1042890891651702,0
sym,7,ecmp,All flows,11459,ENT,6.429495077970005,152.80902628552133,1.0,1.1688340101035675,1.0,1.2028764760918513,0
sym,7,conga,All flows,11459,ENT,5.50077686172077,127.03634107302376,0.8555534758193702,1.0,0.8313405573022781,1.0,0
sym,7,weighted_fixed,All flows,11459,ENT,6.088616649136774,156.9982590229638,0.9469820841762185,1.1068648669439236,1.0274148251531618,1.2358531243647608,0
sym,7,weighted_adaptive,All flows,11459,ENT,10.11134348996058,194.7859702643783,1.5726496975798372,1.8381664525104038,1.274701992409949,1.533309040697341,0
sym,7,random_two_adaptive,All flows,11459,ENT,5.947738729248477,146.90431646315758,0.9250708892565739,1.0812543171198343,0.9613588937388365,1.1563959983601322,0
sym,7,ecmp,Small (<100 KiB),10869,ENT,0.4832966901739449,1.5977286998620395,1.0,1.2576635166226782,1.0,1.2043678115194085,0
sym,7,conga,Small (<100 KiB),10869,ENT,0.38428139465457883,1.3266119241815122,0.7951252356317005,1.0,0.830311131230266,1.0,0
sym,7,weighted_fixed,Small (<100 KiB),10869,ENT,0.4945167673659585,1.5560226949158815,1.0232157128739603,1.2868610717166455,0.9738966916287107,1.1729298271428628,0
sym,7,weighted_adaptive,Small (<100 KiB),10869,ENT,0.4882433388076746,1.8586070554137277,1.0102352214163712,1.2705359811826036,1.1632807594770092,1.401017902473961,0
sym,7,random_two_adaptive,Small (<100 KiB),10869,ENT,0.5082369431871019,1.5084396188147675,1.0516044357849434,1.3225645328052993,0.9441149920790796,1.137061706832945,0
sym,7,ecmp,Medium (100 KiB-1 MiB),237,ENT,4.884791499290109,13.559513702568958,1.0,1.2486730276402584,1.0,1.2040362808615912,0
sym,7,conga,Medium (100 KiB-1 MiB),237,ENT,3.9119860773491557,11.261715214151158,0.8008501648264152,1.0,0.8305397568953772,1.0,0
sym,7,weighted_fixed,Medium (100 KiB-1 MiB),237,ENT,4.981044250344953,11.338090482598249,1.0197045771695337,1.2732776016729113,0.8361723533234202,1.0067818504548152,0
sym,7,weighted_adaptive,Medium (100 KiB-1 MiB),237,ENT,5.360871735577014,14.557228514018437,1.097461731244024,1.370370862671795,1.0735804272435268,1.292629784824094,0
sym,7,random_two_adaptive,Medium (100 KiB-1 MiB),237,ENT,4.959168115323859,10.511767758463838,1.0152261598155334,1.267685522716455,0.775231913846018,0.9334073503523729,0
sym,7,ecmp,Large (>=1 MiB),353,ENT,190.55222886013013,2616.729928068587,1.0,1.161151551443351,1.0,1.0797629088487775,0
sym,7,conga,Large (>=1 MiB),353,ENT,164.10625178364288,2423.430094351448,0.8612140239204484,1.0,0.926129238006685,1.0,0
sym,7,weighted_fixed,Large (>=1 MiB),353,ENT,179.07662308959186,2331.6704930959586,0.9397771107733323,1.0912236501854047,0.8910627222492803,0.9621364769425932,0
sym,7,weighted_adaptive,Large (>=1 MiB),353,ENT,309.59955127656076,4153.7085419458745,1.624749041921804,1.886579870733601,1.5873661616320236,1.7139791040919126,0
sym,7,random_two_adaptive,Large (>=1 MiB),353,ENT,174.09571648619246,2305.0399996159576,0.9136377859635684,1.0608719326288658,0.880885709637338,0.9511477162013316,0
sym,8,ecmp,All flows,13074,ENT,6.827586339617306,139.56929206759065,1.0,1.039711815494014,1.0,1.134959368278296,0
sym,8,conga,All flows,13074,ENT,6.566806530301103,122.97294155940901,0.9618049781658535,1.0,0.8810888107095624,1.0,0
sym,8,weighted_fixed,All flows,13074,ENT,7.138447924289171,140.96291599762714,1.045530231213347,1.087050134848705,1.009985175889275,1.146292137197735,0
sym,8,weighted_adaptive,All flows,13074,ENT,8.883398390022691,203.6383300004629,1.3011037793072588,1.3527729725296729,1.4590482403668343,1.6559604691743015,0
sym,8,random_two_adaptive,All flows,13074,ENT,7.124366586596042,144.5986215390104,1.0434678131064647,1.0849058143744907,1.036034641982594,1.1758572227789956,0
sym,8,ecmp,Small (<100 KiB),12428,ENT,0.4761979063839166,1.5853584387242492,1.0,1.1589979152400063,1.0,1.0874746005254499,0
sym,8,conga,Small (<100 KiB),12428,ENT,0.4108703735548179,1.457834912151723,0.8628143216227607,1.0,0.9195617070199308,1.0,0
sym,8,weighted_fixed,Small (<100 KiB),12428,ENT,0.4822086561425237,1.5490485412410393,1.0126223775409906,1.1736272244953867,0.9770967267740229,1.0625678726233052,0
sym,8,weighted_adaptive,Small (<100 KiB),12428,ENT,0.5174589933649258,1.6889865149546268,1.0866469306728619,1.2594215272517988,1.0653657076526921,1.1585581473431246,0
sym,8,random_two_adaptive,Small (<100 KiB),12428,ENT,0.49830164093492935,1.53324654087735,1.0464171182919741,1.2127952585718533,0.9671292645410623,1.051728510613264,0
sym,8,ecmp,Medium (100 KiB-1 MiB),252,ENT,4.917729323652753,12.971504371418142,1.0,1.0798319012887534,1.0,0.9929804129432843,0
sym,8,conga,Medium (100 KiB-1 MiB),252,ENT,4.554161918890858,13.06320265972762,0.9260700659116702,1.0,1.0070692099916745,1.0,0
sym,8,weighted_fixed,Medium (100 KiB-1 MiB),252,ENT,4.994908843494018,13.098696205493948,1.0156941374284378,1.0967789315471905,1.0098054805698609,1.002717063088652,0
sym,8,weighted_adaptive,Medium (100 KiB-1 MiB),252,ENT,5.424747859367033,11.129488314589496,1.1031001306386827,1.191162711379441,0.8579951866733817,0.8519724147662848,0
sym,8,random_two_adaptive,Medium (100 KiB-1 MiB),252,ENT,5.07562120460513,11.136222011946884,1.0321066635760057,1.1145017008620701,0.8585143012775618,0.8524878854003085,0
sym,8,ecmp,Large (>=1 MiB),394,ENT,208.3918995788245,2340.4481528125502,1.0,1.0314812872455488,1.0,0.9339000637120651,0
sym,8,conga,Large (>=1 MiB),394,ENT,202.03168216004278,2506.1012883003123,0.9694795362409182,1.0,1.0707783828873518,1.0,0
sym,8,weighted_fixed,Large (>=1 MiB),394,ENT,218.4681775509057,2502.3831631303105,1.0483525414972756,1.0813560289907524,1.0691897447602763,0.9985163707519087,0
sym,8,weighted_adaptive,Large (>=1 MiB),394,ENT,274.98358812450977,3546.544066118849,1.3195502736923652,1.3610914148934172,1.5153269094454906,1.4151638972757505,0
sym,8,random_two_adaptive,Large (>=1 MiB),394,ENT,217.44167364481433,2722.9268908143526,1.0434267074885353,1.076275123386659,1.1634211539965849,1.086519089841375,0
sym,9,ecmp,All flows,14826,ENT,7.755697154309296,194.6943198743738,1.0,1.1173306625423567,1.0,1.202044126505743,0
sym,9,conga,All flows,14826,ENT,6.941272994927127,161.96936167421438,0.8949902061441826,1.0,0.8319162150119472,1.0,0
sym,9,weighted_fixed,All flows,14826,ENT,7.4299296648313495,177.46684576192536,0.9579963628031891,1.0703987107640553,0.9115152711000277,1.0956815778460784,0
sym,9,weighted_adaptive,All flows,14826,ENT,11.151270758720468,288.32857262312484,1.4378166832525805,1.6065166673130595,1.480929555670491,1.7801426741624735,0
sym,9,random_two_adaptive,All flows,14826,ENT,7.087288511991747,168.75869720390767,0.9138170780758038,1.0210358412889584,0.8667879849437773,1.041917406227416,0
sym,9,ecmp,Small (<100 KiB),14102,ENT,0.5707968052077206,1.7848493504335874,1.0,1.1194053095719596,1.0,1.0855998776108833,0
sym,9,conga,Small (<100 KiB),14102,ENT,0.5099107537965699,1.6441134410972542,0.893331478285003,1.0,0.9211496985433842,1.0,0
sym,9,weighted_fixed,Small (<100 KiB),14102,ENT,0.5828857308211061,1.7682340208800462,1.021179035171695,1.1431132339947663,0.990690906462495,1.0754939268058996,0
sym,9,weighted_adaptive,Small (<100 KiB),14102,ENT,0.5759878400254781,1.8944707687777782,1.0090943655787779,1.129585590688032,1.0614177428014084,1.1522749716792289,0
sym,9,random_two_adaptive,Small (<100 KiB),14102,ENT,0.5803348197446652,1.6765667764601087,1.016709999863215,1.1381105721417892,0.9393323733752801,1.0197391095721446,0
sym,9,ecmp,Medium (100 KiB-1 MiB),295,ENT,6.270383913622392,13.592114887136736,1.0,1.0999607152852822,1.0,1.088760022998904,0
sym,9,conga,Medium (100 KiB-1 MiB),295,ENT,5.700552598368139,12.484031926244246,0.9091233769568247,1.0,0.9184760451119234,1.0,0
sym,9,weighted_fixed,Medium (100 KiB-1 MiB),295,ENT,6.254278964469841,12.856833783237134,0.9974315848320606,1.097135559500006,0.9459038486648274,1.0298622960270691,0
sym,9,weighted_adaptive,Medium (100 KiB-1 MiB),295,ENT,6.724665337351199,15.463718076689068,1.0724487415741615,1.1796514848887152,1.1376977170288323,1.238679792558112,0
sym,9,random_two_adaptive,Medium (100 KiB-1 MiB),295,ENT,6.1555040559952685,12.461879062026368,0.9816789754487685,1.0798083080151502,0.9168462130804973,0.9982255040399802,0
sym,9,ecmp,Large (>=1 MiB),429,ENT,244.95763684902505,2978.5039237573037,1.0,1.117482643347073,1.0,0.9351483857793007,0
sym,9,conga,Large (>=1 MiB),429,ENT,219.2048693618456,3185.0602204431802,0.894868484941126,1.0,1.0693490094266223,1.0,0
sym,9,weighted_fixed,Large (>=1 MiB),429,ENT,233.31298447606466,3360.9307424599606,0.952462586907885,1.0643604093070147,1.1283956068186862,1.055217330236949,0
sym,9,weighted_adaptive,Large (>=1 MiB),429,ENT,361.82373770217185,3741.0857689528857,1.4770869867803917,1.6506190704409154,1.2560284843384075,1.1745730096218834,0
sym,9,random_two_adaptive,Large (>=1 MiB),429,ENT,221.6232730867873,2979.890532851015,0.9047412276571747,1.0110326186274157,1.0004655387836328,0.9355837336213325,0
asym,1,ecmp,All flows,1678,ENT,3.143862086695834,58.39386257764794,1.0,1.2910798968283308,1.0,1.18343713526604,0
asym,1,conga,All flows,1678,ENT,2.4350639293656817,49.34259779208368,0.7745454037791168,1.0,0.8449962995078714,1.0,0
asym,1,weighted_fixed,All flows,1678,ENT,2.784765966314434,48.78897703620565,0.8857786663413069,1.1436110291526709,0.8355154956795262,0.9887800646773638,0
asym,1,weighted_adaptive,All flows,1678,ENT,3.0945074013561515,58.12102929934488,0.9843012562324088,1.2708115643445348,0.9953277062646736,1.1779077693527837,0
asym,1,random_two_adaptive,All flows,1678,ENT,2.7419491343716356,48.66749897367544,0.8721594837047688,1.126027576239403,0.8334351732420667,0.9863181338515471,0
asym,1,ecmp,Small (<100 KiB),1584,ENT,0.22629118602064055,0.889542483901145,1.0,1.439392907732598,1.0,1.850694752781673,0
asym,1,conga,Small (<100 KiB),1584,ENT,0.1572129366519566,0.48065326957031934,0.69473734004654,1.0,0.5403376210458032,1.0,0
asym,1,weighted_fixed,Small (<100 KiB),1584,ENT,0.22290304965701155,0.6128064086274432,0.9850275372045646,1.417841650973558,0.688900664912531,1.2749448457414267,0
asym,1,weighted_adaptive,Small (<100 KiB),1584,ENT,0.2559074297075195,0.7470700556259137,1.1308767000946187,1.6277759016362385,0.8398362856707985,1.5542806070865969,0
asym,1,random_two_adaptive,Small (<100 KiB),1584,ENT,0.20846410394993145,0.49415026679160584,0.9212206079070042,1.3259984094784543,0.5555105863235205,1.02808052722361,0
asym,1,ecmp,Medium (100 KiB-1 MiB),39,ENT,1.7629932577030227,5.012854564814001,1.0,1.335394027679362,1.0,2.2450350122540024,0
asym,1,conga,Medium (100 KiB-1 MiB),39,ENT,1.320204539754262,2.232862533302375,0.7488426481416819,1.0,0.4454273517079832,1.0,0
asym,1,weighted_fixed,Medium (100 KiB-1 MiB),39,ENT,1.675239308985041,4.301090250612877,0.9502244558596242,1.268924063309814,0.8580121754983464,1.9262673749340136,0
asym,1,weighted_adaptive,Medium (100 KiB-1 MiB),39,ENT,1.8006288218055084,5.702735793131424,1.0213475371718213,1.3639014013242756,1.137622430373266,2.5540021869134732,0
asym,1,random_two_adaptive,Medium (100 KiB-1 MiB),39,ENT,1.4259413859081258,3.494467610004034,0.8088184000011227,1.0800912608386766,0.6971013351419052,1.5650169044825888,0
asym,1,ecmp,Large (>=1 MiB),55,ENT,88.1490655594272,1103.2730773876337,1.0,1.2807206082067852,1.0,1.4087785615802728,0
asym,1,conga,Large (>=1 MiB),55,ENT,68.82770917760905,783.1415862476331,0.7808104231259,1.0,0.7098347655704438,1.0,0
asym,1,weighted_fixed,Large (>=1 MiB),55,ENT,77.35317323215449,925.8666974476344,0.8775268658974669,1.1238667414099979,0.8391999373717448,1.1822468806488218,0
asym,1,weighted_adaptive,Large (>=1 MiB),55,ENT,85.76366412306358,931.1378156676342,0.9729390048411181,1.246063034028221,0.8439776468328339,1.1889776153110634,0
asym,1,random_two_adaptive,Large (>=1 MiB),55,ENT,76.63948714124541,989.6735373276342,0.8694305113146955,1.1134975732444932,0.8970340685472139,1.2637223647764437,0
asym,2,ecmp,All flows,3211,ENT,2.210076724150293,68.93788020959384,1.0,1.2488574173313851,1.0,1.2353768485256011,0
asym,2,conga,All flows,3211,ENT,1.7696789829481774,55.803118126966595,0.8007319219329658,1.0,0.8094695972273408,1.0,0
asym,2,weighted_fixed,All flows,3211,ENT,1.8283480100425387,55.22018940520113,0.827278071418757,1.033152355686918,0.8010137421880914,0.9895538324500228,0
asym,2,weighted_adaptive,All flows,3211,ENT,2.001586632590028,61.692988421766266,0.9056638671037889,1.1310450380415924,0.8949069544087993,1.1055473330611865,0
asym,2,random_two_adaptive,All flows,3211,ENT,1.6633582445489188,58.195435722138185,0.7526246606612398,0.939920889933306,0.8441721089364064,1.0428706795510683,0
asym,2,ecmp,Small (<100 KiB),3037,ENT,0.22431286687922516,0.9251497877780489,1.0,1.3859554005606705,1.0,1.7384346282703538,0
asym,2,conga,Small (<100 KiB),3037,ENT,0.16184710329674554,0.5321740448178496,0.7215239390787488,1.0,0.5752301431057806,1.0,0
asym,2,weighted_fixed,Small (<100 KiB),3037,ENT,0.1984886785354653,0.6355375891018239,0.8848742441615525,1.226396237512745,0.6869564231627913,1.1942288341389389,0
asym,2,weighted_adaptive,Small (<100 KiB),3037,ENT,0.24276806740605672,0.675134980908032,1.082274373216264,1.499984012447496,0.7297574834119753,1.2686356794028062,0
asym,2,random_two_adaptive,Small (<100 KiB),3037,ENT,0.1776376502180432,0.5677789373665119,0.7919191292476642,1.0975645939881038,0.6137156867647974,1.0669046017846455,0
asym,2,ecmp,Medium (100 KiB-1 MiB),81,ENT,2.247085660736416,7.111480434477809,1.0,1.3594553982589528,1.0,1.7523878112738598,0
asym,2,conga,Medium (100 KiB-1 MiB),81,ENT,1.6529307718474961,4.058165885842515,0.735588678584597,1.0,0.570649940365125,1.0,0
asym,2,weighted_fixed,Medium (100 KiB-1 MiB),81,ENT,1.9588387224647774,7.291013395094006,0.8717240987701491,1.1850700318654999,1.0252455114332857,1.7966277377989246,0
asym,2,weighted_adaptive,Medium (100 KiB-1 MiB),81,ENT,1.959543919995656,6.409443454811828,0.8720379263839337,1.185496666509182,0.901281176804991,1.5793941487636267,0
asym,2,random_two_adaptive,Medium (100 KiB-1 MiB),81,ENT,1.742440574316655,4.9300940954498005,0.7754224081273438,1.0541521786596744,0.6932584770321194,1.2148577052133651,0
asym,2,ecmp,Large (>=1 MiB),93,ENT,67.02477683886812,301.62999341819284,1.0,1.2326037018795937,1.0,1.2366184058226861,0
asym,2,conga,Large (>=1 MiB),93,ENT,54.376582462524034,243.91517383046488,0.8112907648055112,1.0,0.8086568947150106,1.0,0
asym,2,weighted_fixed,Large (>=1 MiB),93,ENT,54.939240935642324,254.90823453819286,0.8196855480432228,1.0103474408952802,0.8451024105708781,1.0450691957170684,0
asym,2,weighted_adaptive,Large (>=1 MiB),93,ENT,59.474032247470284,236.1874464117013,0.8873439801291646,1.093743474747781,0.783037004162384,0.9683179717874593,0
asym,2,random_two_adaptive,Large (>=1 MiB),93,ENT,50.112044010911106,206.22581751046494,0.7476644664014874,0.9215739890503045,0.6837046116449851,0.8454817069060401,0
asym,3,ecmp,All flows,4795,ENT,5.613872817600546,115.1750838591214,1.0,1.1867534586332522,1.0,1.1830741971385441,0
asym,3,conga,All flows,4795,ENT,4.730445718747576,97.35237581691067,0.8426349994814167,1.0,0.845255523633819,1.0,0
asym,3,weighted_fixed,All flows,4795,ENT,5.453584951072919,108.8945260508337,0.9714478984944058,1.1528691534202407,0.9454694748391077,1.1185605398642784,0
asym,3,weighted_adaptive,All flows,4795,ENT,6.737816123335688,96.36400458815943,1.2002081882246012,1.4243512184554947,0.8366740562223415,0.9898474873318958,0
asym,3,random_two_adaptive,All flows,4795,ENT,4.755535350447266,87.2502351034536,0.8471042193078847,1.0053038620864532,0.757544359248528,0.8962311846147851,0
asym,3,ecmp,Small (<100 KiB),4537,ENT,0.3860819065364268,1.3548964056329662,1.0,1.2434315154891582,1.0,1.027704222706392,0
asym,3,conga,Small (<100 KiB),4537,ENT,0.3104971216565511,1.3183719359106407,0.8042260370138731,1.0,0.9730426108073832,1.0,0
asym,3,weighted_fixed,Small (<100 KiB),4537,ENT,0.4130596206647117,1.2938311245064331,1.06987562398431,1.3303170685157193,0.9549299261016156,0.9813855174433332,0
asym,3,weighted_adaptive,Small (<100 KiB),4537,ENT,0.5463237786986502,1.4406110171192532,1.4150463138761582,1.7595131825503785,1.0632628525176755,1.0927197233792587,0
asym,3,random_two_adaptive,Small (<100 KiB),4537,ENT,0.3546854696838857,1.140551588808684,0.9186793363765705,1.1423148394792932,0.841799848362468,0.8651212588357088,0
asym,3,ecmp,Medium (100 KiB-1 MiB),100,ENT,4.532003638270089,12.234571179179834,1.0,1.389959966754406,1.0,0.948061243256484,0
asym,3,conga,Medium (100 KiB-1 MiB),100,ENT,3.260528178270083,12.904832115228606,0.7194451810975728,1.0,1.0547841788839634,1.0,0
asym,3,weighted_fixed,Medium (100 KiB-1 MiB),100,ENT,3.877468428270083,9.45052637234465,0.8555748710188925,1.189214819277325,0.7724444309439362,0.7323246275472555,0
asym,3,weighted_adaptive,Medium (100 KiB-1 MiB),100,ENT,3.3271821482700714,10.93102850749115,0.7341525766162205,1.0204426909861435,0.8934541593164307,0.847049261074212,0
asym,3,random_two_adaptive,Medium (100 KiB-1 MiB),100,ENT,2.8909498482701057,7.630148296512341,0.6378966300595492,0.8866507787103186,0.6236547390804295,0.59126288729539,0
asym,3,ecmp,Large (>=1 MiB),158,ENT,156.41560877602433,1722.2216578839261,1.0,1.1797789548595317,1.0,1.284799152379878,0
asym,3,conga,Large (>=1 MiB),158,ENT,132.58043647222686,1340.4598335029993,0.84761640804066,1.0,0.7783317712715371,1.0,0
asym,3,weighted_fixed,Large (>=1 MiB),158,ENT,151.19076897855592,1767.7048779250013,0.9665964296124053,1.1403701254990783,1.0264096202906656,1.3187302101439997,0
asym,3,weighted_adaptive,Large (>=1 MiB),158,ENT,186.68632349754327,3191.4321673368054,1.193527455209821,1.4080985737035991,1.853090252771575,2.3808487860443335,0
asym,3,random_two_adaptive,Large (>=1 MiB),158,ENT,132.30689268741673,1434.214465358582,0.8458675813925354,0.9979367711248451,0.8327699624453595,1.0699421418772208,0
asym,4,ecmp,All flows,6549,ENT,9.780969102269033,140.795667037487,1.0,2.078628457446642,1.0,1.5102433128147672,0
asym,4,conga,All flows,6549,ENT,4.705491771378824,93.22714150945274,0.481086456994044,1.0,0.6621449613547477,1.0,0
asym,4,weighted_fixed,All flows,6549,ENT,4.769201644947307,102.48202465567425,0.4876001135553047,1.0135394718902704,0.7278776883694035,1.0992724114069627,0
asym,4,weighted_adaptive,All flows,6549,ENT,7.591165537297284,115.62362905620247,0.776115889736964,1.6132565746837735,0.8212158192724607,1.2402356994339343,0
asym,4,random_two_adaptive,All flows,6549,ENT,5.427959810010676,103.84944533410639,0.5549511253186019,1.1535372015792837,0.7375897818393542,1.1139400356233877,0
asym,4,ecmp,Small (<100 KiB),6253,ENT,0.6048907127206925,2.1456390997145194,1.0,1.5992950998250273,1.0,1.493934490879411,0
asym,4,conga,Small (<100 KiB),6253,ENT,0.37822332650607837,1.4362337256511695,0.6252754729939497,1.0,0.6693733936160385,1.0,0
asym,4,weighted_fixed,Small (<100 KiB),6253,ENT,0.4760730549564203,1.3789902629951092,0.7870397824676909,1.2587088674679334,0.6426944136031945,0.9601433515773299,0
asym,4,weighted_adaptive,Small (<100 KiB),6253,ENT,0.6620787602178955,1.9500210220093792,1.0945427765620357,1.7504968991045435,0.9088299249714608,1.3577323712582123,0
asym,4,random_two_adaptive,Small (<100 KiB),6253,ENT,0.492362540963138,1.3319488990153834,0.8139694172994945,1.3017773004945143,0.6207702400616214,0.9273900725395481,0
asym,4,ecmp,Medium (100 KiB-1 MiB),108,ENT,5.3951563499635125,16.26156992021371,1.0,1.6293951609058446,1.0,1.6000664518069,0
asym,4,conga,Medium (100 KiB-1 MiB),108,ENT,3.3111405258894555,10.16305910410788,0.6137246654421514,1.0,0.6249740433409714,1.0,0
asym,4,weighted_fixed,Medium (100 KiB-1 MiB),108,ENT,3.4226248499635337,8.998817112748114,0.6343884454778925,1.0336694631962595,0.5533793573990826,0.8854437448967326,0
asym,4,weighted_adaptive,Medium (100 KiB-1 MiB),108,ENT,3.998608053667247,13.671358807664173,0.7411477618613017,1.2076225766930022,0.8407158026403212,1.345201151308689,0
asym,4,random_two_adaptive,Medium (100 KiB-1 MiB),108,ENT,3.9861898592227707,8.46488237061862,0.7388460316353445,1.2038721486011168,0.5205452125564132,0.8329069312602086,0
asym,4,ecmp,Large (>=1 MiB),188,ENT,317.50270286341146,4195.610020763358,1.0,2.124698871082438,1.0,2.7498563465478756,0
asym,4,conga,Large (>=1 MiB),188,ENT,149.4342126240497,1525.756073051037,0.47065493073404097,1.0,0.36365536012649663,1.0,0
asym,4,weighted_fixed,Large (>=1 MiB),188,ENT,148.3349642357519,1473.097676034086,0.4671927605591599,0.992643930937935,0.351104528005219,0.9654870146368477,0
asym,4,weighted_adaptive,Large (>=1 MiB),188,ENT,240.12082418256037,2256.1885369706893,0.7562796222426474,1.606866459601606,0.5377498208377798,1.4787347576857517,0
asym,4,random_two_adaptive,Large (>=1 MiB),188,ENT,170.4173261825604,1620.2302519806976,0.5367429147709439,1.140417065075322,0.3861727481730796,1.0619195824275776,0
asym,5,ecmp,All flows,8057,ENT,10.86456751566208,266.13379505628933,1.0,2.5847489985005905,1.0,2.1912029244277704,0
asym,5,conga,All flows,8057,ENT,4.2033356128446515,121.45556766532238,0.386884761568763,1.0,0.4563703292159254,1.0,0
asym,5,weighted_fixed,All flows,8057,ENT,5.028005246827523,132.31257054043218,0.4627892679187902,1.1961940967699145,0.4971656099235614,1.089390738389424,0
asym,5,weighted_adaptive,All flows,8057,ENT,10.149681415748958,247.5954586866956,0.9342002248241764,2.4146730955133164,0.9303420433106862,2.0385682060204826,0
asym,5,random_two_adaptive,All flows,8057,ENT,4.970295536017049,146.2328537674577,0.45747753224893667,1.1824645933169606,0.5494711926252295,1.2040028841692174,0
asym,5,ecmp,Small (<100 KiB),7610,ENT,0.7519294678128601,2.6913925264988574,1.0,1.8493121621775124,1.0,1.7750992405009636,0
asym,5,conga,Small (<100 KiB),7610,ENT,0.4065995364068144,1.5161927091689251,0.5407415905503636,1.0,0.5633487847799331,1.0,0
asym,5,weighted_fixed,Small (<100 KiB),7610,ENT,0.5825548320704131,1.5424000678082554,0.7747466444757012,1.4327483922351314,0.5730862565092696,1.0172849786711449,0
asym,5,weighted_adaptive,Small (<100 KiB),7610,ENT,0.8537600019784303,2.144472657395568,1.1354256463199468,2.0997564569877403,0.7967892591963317,1.414380008838734,0
asym,5,random_two_adaptive,Small (<100 KiB),7610,ENT,0.5253179879179841,1.405031634810326,0.6986266803001862,1.291978816700835,0.5220463462600473,0.926684072752513,0
asym,5,ecmp,Medium (100 KiB-1 MiB),175,ENT,7.413497391420948,22.9304719411236,1.0,1.8662667357561724,1.0,1.747364984993638,0
asym,5,conga,Medium (100 KiB-1 MiB),175,ENT,3.9723675342780798,13.122886253330233,0.5358290864005679,1.0,0.5722902819891638,1.0,0
asym,5,weighted_fixed,Medium (100 KiB-1 MiB),175,ENT,4.323258837135217,11.422737330660336,0.583160498867671,1.0883330406437095,0.4981466303872601,0.870443979331266,0
asym,5,weighted_adaptive,Medium (100 KiB-1 MiB),175,ENT,6.4450365628495225,21.912830819808754,0.8693651892705664,1.622467333960027,0.9556205766751009,1.6698179346214992,0
asym,5,random_two_adaptive,Medium (100 KiB-1 MiB),175,ENT,4.743080105706651,10.137486504728662,0.6397898124568631,1.1940184448639235,0.4420967231183783,0.7725043339574815,0
asym,5,ecmp,Large (>=1 MiB),272,ENT,296.01571757402513,2147.6540440692597,1.0,2.6770148072478865,1.0,2.198597611266095,0
asym,5,conga,Large (>=1 MiB),272,ENT,110.5767950078487,976.829062791759,0.3735504179104834,1.0,0.45483538910248117,1.0,0
asym,5,weighted_fixed,Large (>=1 MiB),272,ENT,129.8559768571134,1290.338280629666,0.4386793306833111,1.1743510638728158,0.6008129122066617,1.3209458335953925,0
asym,5,weighted_adaptive,Large (>=1 MiB),272,ENT,272.613927033584,2068.4242962667754,0.9209440946844688,2.4653809781178224,0.9631087008537166,2.1174884890865733,0
asym,5,random_two_adaptive,Large (>=1 MiB),272,ENT,129.4778023056428,1357.7569885396642,0.43740178179310385,1.170931046576748,0.6322047036807935,1.3899637513437821,0
asym,6,ecmp,All flows,9607,ENT,21.069231774886568,351.0886492764694,1.0,2.1286842473091783,1.0,1.4426090654098438,0
asym,6,conga,All flows,9607,ENT,9.89777220436507,243.37061071824436,0.46977375872634813,1.0,0.693188490199804,1.0,0
asym,6,weighted_fixed,All flows,9607,ENT,11.156684398598442,311.12530092538873,0.529524973563423,1.1271914697812677,0.8861730550576387,1.2784012827480862,0
asym,6,weighted_adaptive,All flows,9607,ENT,13.968836038132116,380.8164303303286,0.6629969325593658,1.4113111263534277,1.0846731476939593,1.5647593158699362,0
asym,6,random_two_adaptive,All flows,9607,ENT,9.693732420561593,277.15738408728976,0.4600895051197842,0.9793852819007602,0.7894227986534492,1.1388284857786757,0
asym,6,ecmp,Small (<100 KiB),9146,ENT,0.7986324681986597,4.011297449359282,1.0,1.0761329829719848,1.0,1.6592722711607344,0
asym,6,conga,Small (<100 KiB),9146,ENT,0.7421317633003455,2.4175040583021388,0.9292531832248777,1.0,0.6026738452637769,1.0,0
asym,6,weighted_fixed,Small (<100 KiB),9146,ENT,0.7588064808818,2.0848034456875535,0.9501322712227209,1.0224686752488537,0.5197329472588864,0.8623784677953147,0
asym,6,weighted_adaptive,Small (<100 KiB),9146,ENT,0.8414931269565854,2.4562893421811056,1.0536675635722639,1.1338864182478439,0.6123428574396658,1.016043523792968,0
asym,6,random_two_adaptive,Small (<100 KiB),9146,ENT,0.8299301856707787,2.201794942860379,1.0391891373296054,1.1183057062265918,0.5488984476112756,0.9107719738045625,0
asym,6,ecmp,Medium (100 KiB-1 MiB),166,ENT,9.076712813425345,42.14508883078689,1.0,1.4218391453448072,1.0,2.6417380763387674,0
asym,6,conga,Medium (100 KiB-1 MiB),166,ENT,6.383783174871143,15.953545587379551,0.7033144383976656,1.0,0.3785386632220247,1.0,0
asym,6,weighted_fixed,Medium (100 KiB-1 MiB),166,ENT,5.98852616282293,12.419872477508687,0.65976816562548,0.9380842047386436,0.29469323287879745,0.7785023341352868,0
asym,6,weighted_adaptive,Medium (100 KiB-1 MiB),166,ENT,7.449534476075961,15.870521084980343,0.8207304372412633,1.1669466634455876,0.3765686946040309,0.9947958588926535,0
asym,6,random_two_adaptive,Medium (100 KiB-1 MiB),166,ENT,6.8618391628229505,16.646579105955958,0.7559828435547304,1.074886000175195,0.3949826555780248,1.0434407207338692,0
asym,6,ecmp,Large (>=1 MiB),295,ENT,656.274856881904,6739.752757014872,1.0,2.219161335182626,1.0,2.099845906720421,0
asym,6,conga,Large (>=1 MiB),295,ENT,295.73102526495484,3209.641591054243,0.45062068455590903,1.0,0.47622542054136663,1.0,0
asym,6,weighted_fixed,Large (>=1 MiB),295,ENT,336.4343308480057,4319.860300339867,0.5126424200471034,1.1376362373429825,0.6409523399569321,1.3459011474614397,0
asym,6,weighted_adaptive,Large (>=1 MiB),295,ENT,424.6294540886837,4525.688030864262,0.6470298985796668,1.4358637336351323,0.6714916991804831,1.4100290959208779,0
asym,6,random_two_adaptive,Large (>=1 MiB),295,ENT,286.09518842427684,3339.0577394998677,0.4359380607442033,0.9674168889380309,0.49542733389210875,1.0403210591507561,0
asym,7,ecmp,All flows,11459,ENT,25.75699857504654,461.8009341365248,1.0,2.264945559585665,1.0,1.9835070440423581,0
asym,7,conga,All flows,11459,ENT,11.372016632381383,232.820415497684,0.44151171570893466,1.0,0.5041575239188537,1.0,0
asym,7,weighted_fixed,All flows,11459,ENT,14.075407434632897,344.22714429624693,0.5464692399474368,1.2377230784691005,0.7454015764170826,1.4785092774635615,0
asym,7,weighted_adaptive,All flows,11459,ENT,16.081492042713872,426.26532519651266,0.6243542699999863,1.4141284314448186,0.923049941407207,1.8308760607840808,0
asym,7,random_two_adaptive,All flows,11459,ENT,11.054154125879947,290.2131485789619,0.42917089480251963,0.9720487124863734,0.6284377685844277,1.2465107407294738,0
asym,7,ecmp,Small (<100 KiB),10869,ENT,0.968223954227675,5.96126739631655,1.0,1.0975666644220905,1.0,2.0928246864262454,0
asym,7,conga,Small (<100 KiB),10869,ENT,0.8821550304076343,2.8484313258441842,0.9111063887190278,1.0,0.4778231098313459,1.0,0
asym,7,weighted_fixed,Small (<100 KiB),10869,ENT,0.7905787492410196,2.183543391743753,0.8165246746778145,0.8961902636044615,0.3662884495154433,0.7665775094987134,0
asym,7,weighted_adaptive,Small (<100 KiB),10869,ENT,0.9991274072592344,3.1033688614494848,1.0319176703867137,1.1325984354445595,0.5205887699932815,1.0895010293182144,0
asym,7,random_two_adaptive,Small (<100 KiB),10869,ENT,0.8822182378784272,2.2562097771608602,0.9111716705895258,1.0000716512048498,0.3784782039059288,0.792088528408594,0
asym,7,ecmp,Medium (100 KiB-1 MiB),237,ENT,14.55452094232806,53.48233420050074,1.0,2.0319317188207147,1.0,2.448988018514604,0
asym,7,conga,Medium (100 KiB-1 MiB),237,ENT,7.16289863853061,21.83854465443225,0.49214252168885697,1.0,0.40833192830667037,1.0,0
asym,7,weighted_fixed,Medium (100 KiB-1 MiB),237,ENT,7.0568521195432705,17.667291957080874,0.48485636507761937,0.9851950272733311,0.33033883470470254,0.8089958482418929,0
asym,7,weighted_adaptive,Medium (100 KiB-1 MiB),237,ENT,8.180559638530578,24.414552220882932,0.5620631328881143,1.1420739076951019,0.4564975068095354,1.117956924658341,0
asym,7,random_two_adaptive,Medium (100 KiB-1 MiB),237,ENT,7.467775701821736,20.786003740250457,0.5130897630648662,1.0425633641737067,0.38865176793379086,0.9518035230443721,0
asym,7,ecmp,Large (>=1 MiB),353,ENT,796.5337083558809,6807.385145614854,1.0,2.3623070047532155,1.0,2.6880156534939523,0
asym,7,conga,Large (>=1 MiB),353,ENT,337.18467021990347,2532.4946068548516,0.4233150043529027,1.0,0.37202164306601937,1.0,0
asym,7,weighted_fixed,Large (>=1 MiB),353,ENT,427.8323496193369,4593.684784521505,0.5371176952478538,1.268836893860908,0.6748090032015658,1.8138971637244594,0
asym,7,weighted_adaptive,Large (>=1 MiB),353,ENT,485.7776455910083,4187.640726716025,0.6098645173393832,1.4406872212612638,0.6151614220643292,1.6535635319345172,0
asym,7,random_two_adaptive,Large (>=1 MiB),353,ENT,326.65965795928025,3591.7692171709436,0.41010148664459656,0.9687856145602377,0.5276283242890512,1.4182731949157528,0
