load,CDF,Seed,TargetLoad,ServerCount,SpineCount,LeafCount,LinkCount,SpineLeafCapacityGbps,LeafServerCapacityGbps,LaunchStartS,LaunchEndS,CdfMeanBytes,RequestRateFlowsPerSecondPerServer,ExpectedAggregateBps,GeneratedFlows,GeneratedBytes,RealizedAggregateBps,FirstStartS,LastStartS
1,ENT,12446,0.10000000000000001,4,2,2,1,10,10,0,5,1538831.5999650012,40.615230413400326,4000000000,1678,3074500669,4919201070.3999996,0.01170947460430815,4.9578294261350466
2,ENT,12447,0.20000000000000001,4,2,2,1,10,10,0,5,1538831.5999650012,81.230460826800652,8000000000,3211,3603112536,5764980057.6000004,0.016436507665806278,4.9989335260239836
3,ENT,12448,0.29999999999999999,4,2,2,1,10,10,0,5,1538831.5999650012,121.84569124020098,12000000000,4795,10098409605,16157455368,0.0072746375763028887,4.9869763198528068
4,ENT,12449,0.40000000000000002,4,2,2,1,10,10,0,5,1538831.5999650012,162.4609216536013,16000000000,6549,12385146113,19816233780.799999,0.0036638276295077859,4.9970996671189907
5,ENT,12450,0.5,4,2,2,1,10,10,0,5,1538831.5999650012,203.07615206700163,20000000000,8057,13191966649,21107146638.400002,0.0018006949518095611,4.9911345460679923
6,ENT,12451,0.59999999999999998,4,2,2,1,10,10,0,5,1538831.5999650012,243.69138248040196,24000000000,9607,16498643323,26397829316.799999,0.0044899292497241608,4.9943113124170626
7,ENT,12452,0.69999999999999996,4,2,2,1,10,10,0,5,1538831.5999650012,284.30661289380225,27999999999.999996,11459,19185715246,30697144393.599998,8.3269625639493952e-05,4.994806494184088
8,ENT,12453,0.80000000000000004,4,2,2,1,10,10,0,5,1538831.5999650012,324.92184330720261,32000000000,13074,21805800810,34889281296,0.0014786571367163669,4.9975376984508859
9,ENT,12454,0.90000000000000002,4,2,2,1,10,10,0,5,1538831.5999650012,365.5370737206029,36000000000,14826,23660856341,37857370145.599998,0.003689313516991768,4.9991883517241416
