scenario,workload,load,algorithm,category,trace_index,issue
asym,ENT,1,weighted_fixed,utilization,,Leaf 0 -> Spine 0: CSV reports 18.11%; calculated 36.22% using 5 Gb/s and the configured window
asym,ENT,1,weighted_adaptive,utilization,,Leaf 0 -> Spine 0: CSV reports 19.33%; calculated 38.65% using 5 Gb/s and the configured window
asym,ENT,1,random_two_adaptive,utilization,,Leaf 0 -> Spine 0: CSV reports 18.74%; calculated 37.48% using 5 Gb/s and the configured window
asym,ENT,2,weighted_fixed,utilization,,Leaf 0 -> Spine 0: CSV reports 7.79%; calculated 15.58% using 5 Gb/s and the configured window
asym,ENT,2,weighted_adaptive,utilization,,Leaf 0 -> Spine 0: CSV reports 16.25%; calculated 32.5% using 5 Gb/s and the configured window
asym,ENT,2,random_two_adaptive,utilization,,Leaf 0 -> Spine 0: CSV reports 3.29%; calculated 6.59% using 5 Gb/s and the configured window
asym,ENT,3,weighted_fixed,utilization,,Leaf 0 -> Spine 0: CSV reports 15.73%; calculated 31.46% using 5 Gb/s and the configured window
asym,ENT,3,weighted_adaptive,utilization,,Leaf 0 -> Spine 0: CSV reports 15.55%; calculated 31.11% using 5 Gb/s and the configured window
asym,ENT,3,random_two_adaptive,utilization,,Leaf 0 -> Spine 0: CSV reports 11.51%; calculated 23.01% using 5 Gb/s and the configured window
asym,ENT,4,weighted_fixed,utilization,,Leaf 0 -> Spine 0: CSV reports 30.2%; calculated 60.39% using 5 Gb/s and the configured window
asym,ENT,4,weighted_adaptive,utilization,,Leaf 0 -> Spine 0: CSV reports 19.26%; calculated 38.52% using 5 Gb/s and the configured window
asym,ENT,4,random_two_adaptive,utilization,,Leaf 0 -> Spine 0: CSV reports 16.55%; calculated 33.09% using 5 Gb/s and the configured window
asym,ENT,5,weighted_fixed,utilization,,Leaf 0 -> Spine 0: CSV reports 33.71%; calculated 67.42% using 5 Gb/s and the configured window
asym,ENT,5,weighted_adaptive,utilization,,Leaf 0 -> Spine 0: CSV reports 49.83%; calculated 99.66% using 5 Gb/s and the configured window
asym,ENT,5,random_two_adaptive,utilization,,Leaf 0 -> Spine 0: CSV reports 18.61%; calculated 37.22% using 5 Gb/s and the configured window
asym,ENT,6,weighted_fixed,utilization,,Leaf 0 -> Spine 0: CSV reports 23.66%; calculated 47.32% using 5 Gb/s and the configured window
asym,ENT,6,weighted_adaptive,utilization,,Leaf 0 -> Spine 0: CSV reports 45.55%; calculated 91.1% using 5 Gb/s and the configured window
asym,ENT,6,random_two_adaptive,utilization,,Leaf 0 -> Spine 0: CSV reports 31.09%; calculated 62.18% using 5 Gb/s and the configured window
asym,ENT,7,weighted_fixed,utilization,,Leaf 0 -> Spine 0: CSV reports 34.94%; calculated 69.89% using 5 Gb/s and the configured window
asym,ENT,7,weighted_adaptive,utilization,,Leaf 0 -> Spine 0: CSV reports 49.21%; calculated 98.41% using 5 Gb/s and the configured window
asym,ENT,7,random_two_adaptive,utilization,,Leaf 0 -> Spine 0: CSV reports 40.44%; calculated 80.87% using 5 Gb/s and the configured window
