path,size_bytes,modified_ns,sha256
conga_sym_cdf_10gbps_5s/ENT_load_1_ECMP.csv,656596,1790974403718282446,
conga_sym_cdf_10gbps_5s/ENT_load_1_ECMP.csv.flows.csv,158497,1790974403054281114,
conga_sym_cdf_10gbps_5s/ENT_load_1_ECMP.csv.flows.csv.audit.csv,38390,1790974403054281114,
conga_sym_cdf_10gbps_5s/ENT_load_1_Conga.csv,656669,1790973285885560349,
conga_sym_cdf_10gbps_5s/ENT_load_1_Conga.csv.flows.csv,158397,1790973285162559334,
conga_sym_cdf_10gbps_5s/ENT_load_1_Conga.csv.flows.csv.audit.csv,38390,1790973285162559334,
rtt_sym_cdf_10gbps_5s/ENT_load_1_WEIGHTED_ECMP_timeout_true_RTT.csv,656566,1790994321795927005,
rtt_sym_cdf_10gbps_5s/ENT_load_1_WEIGHTED_ECMP_timeout_true_RTT.csv.flows.csv,158378,1790994320165923006,
rtt_sym_cdf_10gbps_5s/ENT_load_1_WEIGHTED_ECMP_timeout_true_RTT.csv.flows.csv.audit.csv,38390,1790994320165923006,
rtt_sym_cdf_10gbps_5s/ENT_load_1_WEIGHTED_ECMP_timeout_false_RTT.csv,656615,1791014297707748536,
rtt_sym_cdf_10gbps_5s/ENT_load_1_WEIGHTED_ECMP_timeout_false_RTT.csv.flows.csv,158404,1791014296748746871,
rtt_sym_cdf_10gbps_5s/ENT_load_1_WEIGHTED_ECMP_timeout_false_RTT.csv.flows.csv.audit.csv,38390,1791014296748746871,
rtt_sym_cdf_10gbps_5s/ENT_load_1_POWER_OF_2_RANDOM_timeout_false_RTT.csv,656495,1790994778500864235,
rtt_sym_cdf_10gbps_5s/ENT_load_1_POWER_OF_2_RANDOM_timeout_false_RTT.csv.flows.csv,158474,1790994777342862202,
rtt_sym_cdf_10gbps_5s/ENT_load_1_POWER_OF_2_RANDOM_timeout_false_RTT.csv.flows.csv.audit.csv,38390,1790994777342862202,
conga_sym_cdf_10gbps_5s/ENT_load_2_ECMP.csv,1254199,1790976803990289177,
conga_sym_cdf_10gbps_5s/ENT_load_2_ECMP.csv.flows.csv,305321,1790976802498286744,
conga_sym_cdf_10gbps_5s/ENT_load_2_ECMP.csv.flows.csv.audit.csv,73923,1790976802498286744,
conga_sym_cdf_10gbps_5s/ENT_load_2_Conga.csv,1254437,1790975610753431281,
conga_sym_cdf_10gbps_5s/ENT_load_2_Conga.csv.flows.csv,305247,1790975607330426485,
conga_sym_cdf_10gbps_5s/ENT_load_2_Conga.csv.flows.csv.audit.csv,73923,1790975607330426485,
rtt_sym_cdf_10gbps_5s/ENT_load_2_WEIGHTED_ECMP_timeout_true_RTT.csv,1254223,1791022388321793884,
rtt_sym_cdf_10gbps_5s/ENT_load_2_WEIGHTED_ECMP_timeout_true_RTT.csv.flows.csv,305087,1791022385175788423,
rtt_sym_cdf_10gbps_5s/ENT_load_2_WEIGHTED_ECMP_timeout_true_RTT.csv.flows.csv.audit.csv,73923,1791022385175788423,
rtt_sym_cdf_10gbps_5s/ENT_load_2_WEIGHTED_ECMP_timeout_false_RTT.csv,1254200,1791029992416994636,
rtt_sym_cdf_10gbps_5s/ENT_load_2_WEIGHTED_ECMP_timeout_false_RTT.csv.flows.csv,305315,1791029989602989751,
rtt_sym_cdf_10gbps_5s/ENT_load_2_WEIGHTED_ECMP_timeout_false_RTT.csv.flows.csv.audit.csv,73923,1791029989602989751,
rtt_sym_cdf_10gbps_5s/ENT_load_2_POWER_OF_2_RANDOM_timeout_false_RTT.csv,1254170,1791004416466144629,
rtt_sym_cdf_10gbps_5s/ENT_load_2_POWER_OF_2_RANDOM_timeout_false_RTT.csv.flows.csv,305346,1791004413329136415,
rtt_sym_cdf_10gbps_5s/ENT_load_2_POWER_OF_2_RANDOM_timeout_false_RTT.csv.flows.csv.audit.csv,73923,1791004413329136415,
conga_sym_cdf_10gbps_5s/ENT_load_3_ECMP.csv,1870868,1790985854625301199,
conga_sym_cdf_10gbps_5s/ENT_load_3_ECMP.csv.flows.csv,456196,1790985850222281451,
conga_sym_cdf_10gbps_5s/ENT_load_3_ECMP.csv.flows.csv.audit.csv,110879,1790985850222281451,
conga_sym_cdf_10gbps_5s/ENT_load_3_Conga.csv,1871704,1790981604231233877,
conga_sym_cdf_10gbps_5s/ENT_load_3_Conga.csv.flows.csv,456136,1790981599829225447,
conga_sym_cdf_10gbps_5s/ENT_load_3_Conga.csv.flows.csv.audit.csv,110879,1790981599829225447,
rtt_sym_cdf_10gbps_5s/ENT_load_3_WEIGHTED_ECMP_timeout_true_RTT.csv,1870933,1791124601088325002,
rtt_sym_cdf_10gbps_5s/ENT_load_3_WEIGHTED_ECMP_timeout_true_RTT.csv.flows.csv,456026,1791124595950424278,
rtt_sym_cdf_10gbps_5s/ENT_load_3_WEIGHTED_ECMP_timeout_true_RTT.csv.flows.csv.audit.csv,110879,1791124595950424278,
rtt_sym_cdf_10gbps_5s/ENT_load_3_WEIGHTED_ECMP_timeout_false_RTT.csv,1871264,1791331163111824919,
rtt_sym_cdf_10gbps_5s/ENT_load_3_WEIGHTED_ECMP_timeout_false_RTT.csv.flows.csv,456244,1791331157041807154,
rtt_sym_cdf_10gbps_5s/ENT_load_3_WEIGHTED_ECMP_timeout_false_RTT.csv.flows.csv.audit.csv,110879,1791331157041807154,
rtt_sym_cdf_10gbps_5s/ENT_load_3_POWER_OF_2_RANDOM_timeout_false_RTT.csv,1870958,1791103528241500449,
rtt_sym_cdf_10gbps_5s/ENT_load_3_POWER_OF_2_RANDOM_timeout_false_RTT.csv.flows.csv,455913,1791103519130676491,
rtt_sym_cdf_10gbps_5s/ENT_load_3_POWER_OF_2_RANDOM_timeout_false_RTT.csv.flows.csv.audit.csv,110879,1791103519130676491,
conga_sym_cdf_10gbps_5s/ENT_load_4_ECMP.csv,2555928,1791003657356628155,
conga_sym_cdf_10gbps_5s/ENT_load_4_ECMP.csv.flows.csv,623468,1791003644458606799,
conga_sym_cdf_10gbps_5s/ENT_load_4_ECMP.csv.flows.csv.audit.csv,151545,1791003644458606799,
conga_sym_cdf_10gbps_5s/ENT_load_4_Conga.csv,2557252,1790994478485285484,
conga_sym_cdf_10gbps_5s/ENT_load_4_Conga.csv.flows.csv,623954,1790994456487237986,
conga_sym_cdf_10gbps_5s/ENT_load_4_Conga.csv.flows.csv.audit.csv,151545,1790994456487237986,
rtt_sym_cdf_10gbps_5s/ENT_load_4_WEIGHTED_ECMP_timeout_true_RTT.csv,2556589,1791335775082317584,
rtt_sym_cdf_10gbps_5s/ENT_load_4_WEIGHTED_ECMP_timeout_true_RTT.csv.flows.csv,623323,1791335759104270842,
rtt_sym_cdf_10gbps_5s/ENT_load_4_WEIGHTED_ECMP_timeout_true_RTT.csv.flows.csv.audit.csv,151545,1791335759104270842,
rtt_sym_cdf_10gbps_5s/ENT_load_4_WEIGHTED_ECMP_timeout_false_RTT.csv,2555759,1791340678169661227,
rtt_sym_cdf_10gbps_5s/ENT_load_4_WEIGHTED_ECMP_timeout_false_RTT.csv.flows.csv,623494,1791340664358620824,
rtt_sym_cdf_10gbps_5s/ENT_load_4_WEIGHTED_ECMP_timeout_false_RTT.csv.flows.csv.audit.csv,151545,1791340664358620824,
rtt_sym_cdf_10gbps_5s/ENT_load_4_POWER_OF_2_RANDOM_timeout_false_RTT.csv,2555624,1791333060344375791,
rtt_sym_cdf_10gbps_5s/ENT_load_4_POWER_OF_2_RANDOM_timeout_false_RTT.csv.flows.csv,623646,1791333047283337581,
rtt_sym_cdf_10gbps_5s/ENT_load_4_POWER_OF_2_RANDOM_timeout_false_RTT.csv.flows.csv.audit.csv,151545,1791333047283337581,
conga_sym_cdf_10gbps_5s/ENT_load_5_ECMP.csv,3145918,1791017981307143282,
conga_sym_cdf_10gbps_5s/ENT_load_5_ECMP.csv.flows.csv,768355,1791017962309110302,
conga_sym_cdf_10gbps_5s/ENT_load_5_ECMP.csv.flows.csv.audit.csv,187513,1791017962309110302,
conga_sym_cdf_10gbps_5s/ENT_load_5_Conga.csv,3148213,1791009107443738163,
conga_sym_cdf_10gbps_5s/ENT_load_5_Conga.csv.flows.csv,768675,1791009089688707338,
conga_sym_cdf_10gbps_5s/ENT_load_5_Conga.csv.flows.csv.audit.csv,187513,1791009089688707338,
rtt_sym_cdf_10gbps_5s/ENT_load_5_WEIGHTED_ECMP_timeout_true_RTT.csv,3146671,1791345783841597515,
rtt_sym_cdf_10gbps_5s/ENT_load_5_WEIGHTED_ECMP_timeout_true_RTT.csv.flows.csv,768407,1791345760340528764,
rtt_sym_cdf_10gbps_5s/ENT_load_5_WEIGHTED_ECMP_timeout_true_RTT.csv.flows.csv.audit.csv,187513,1791345760340528764,
rtt_sym_cdf_10gbps_5s/ENT_load_5_WEIGHTED_ECMP_timeout_false_RTT.csv,3145765,1791352249437512162,
rtt_sym_cdf_10gbps_5s/ENT_load_5_WEIGHTED_ECMP_timeout_false_RTT.csv.flows.csv,768513,1791352220875428605,
rtt_sym_cdf_10gbps_5s/ENT_load_5_WEIGHTED_ECMP_timeout_false_RTT.csv.flows.csv.audit.csv,187513,1791352220875428605,
rtt_sym_cdf_10gbps_5s/ENT_load_5_POWER_OF_2_RANDOM_timeout_false_RTT.csv,3145586,1791340577776367534,
rtt_sym_cdf_10gbps_5s/ENT_load_5_POWER_OF_2_RANDOM_timeout_false_RTT.csv.flows.csv,768369,1791340550087286531,
rtt_sym_cdf_10gbps_5s/ENT_load_5_POWER_OF_2_RANDOM_timeout_false_RTT.csv.flows.csv.audit.csv,187513,1791340550087286531,
conga_sym_cdf_10gbps_5s/ENT_load_6_ECMP.csv,3748438,1791041034205299591,
conga_sym_cdf_10gbps_5s/ENT_load_6_ECMP.csv.flows.csv,915986,1791040997198819776,
conga_sym_cdf_10gbps_5s/ENT_load_6_ECMP.csv.flows.csv.audit.csv,223095,1791040997198819776,
conga_sym_cdf_10gbps_5s/ENT_load_6_Conga.csv,3750383,1791029054246365967,
conga_sym_cdf_10gbps_5s/ENT_load_6_Conga.csv.flows.csv,916541,1791029019660305925,
conga_sym_cdf_10gbps_5s/ENT_load_6_Conga.csv.flows.csv.audit.csv,223095,1791029019660305925,
rtt_sym_cdf_10gbps_5s/ENT_load_6_WEIGHTED_ECMP_timeout_true_RTT.csv,3748064,1791361464459470062,
rtt_sym_cdf_10gbps_5s/ENT_load_6_WEIGHTED_ECMP_timeout_true_RTT.csv.flows.csv,916176,1791361424581353401,
rtt_sym_cdf_10gbps_5s/ENT_load_6_WEIGHTED_ECMP_timeout_true_RTT.csv.flows.csv.audit.csv,223095,1791361424581353401,
rtt_sym_cdf_10gbps_5s/ENT_load_6_WEIGHTED_ECMP_timeout_false_RTT.csv,3748123,1791370997695358873,
rtt_sym_cdf_10gbps_5s/ENT_load_6_WEIGHTED_ECMP_timeout_false_RTT.csv.flows.csv,916165,1791370970523279383,
rtt_sym_cdf_10gbps_5s/ENT_load_6_WEIGHTED_ECMP_timeout_false_RTT.csv.flows.csv.audit.csv,223095,1791370970523279383,
rtt_sym_cdf_10gbps_5s/ENT_load_6_POWER_OF_2_RANDOM_timeout_false_RTT.csv,3747907,1791349911828673650,
rtt_sym_cdf_10gbps_5s/ENT_load_6_POWER_OF_2_RANDOM_timeout_false_RTT.csv.flows.csv,916215,1791349872271557930,
rtt_sym_cdf_10gbps_5s/ENT_load_6_POWER_OF_2_RANDOM_timeout_false_RTT.csv.flows.csv.audit.csv,223095,1791349872271557930,
conga_sym_cdf_10gbps_5s/ENT_load_7_ECMP.csv,4471793,1791074595680543500,
conga_sym_cdf_10gbps_5s/ENT_load_7_ECMP.csv.flows.csv,1094826,1791074550706412503,
conga_sym_cdf_10gbps_5s/ENT_load_7_ECMP.csv.flows.csv.audit.csv,267590,1791074550706412503,
conga_sym_cdf_10gbps_5s/ENT_load_7_Conga.csv,4474308,1791058843378913884,
conga_sym_cdf_10gbps_5s/ENT_load_7_Conga.csv.flows.csv,1095823,1791058794644855538,
conga_sym_cdf_10gbps_5s/ENT_load_7_Conga.csv.flows.csv.audit.csv,267590,1791058794644855538,
rtt_sym_cdf_10gbps_5s/ENT_load_7_WEIGHTED_ECMP_timeout_true_RTT.csv,4471377,1791381204156217160,
rtt_sym_cdf_10gbps_5s/ENT_load_7_WEIGHTED_ECMP_timeout_true_RTT.csv.flows.csv,1095811,1791381158138082537,
rtt_sym_cdf_10gbps_5s/ENT_load_7_WEIGHTED_ECMP_timeout_true_RTT.csv.flows.csv.audit.csv,267590,1791381158138082537,
rtt_sym_cdf_10gbps_5s/ENT_load_7_WEIGHTED_ECMP_timeout_false_RTT.csv,4470950,1791392274194601786,
rtt_sym_cdf_10gbps_5s/ENT_load_7_WEIGHTED_ECMP_timeout_false_RTT.csv.flows.csv,1095582,1791392228781468934,
rtt_sym_cdf_10gbps_5s/ENT_load_7_WEIGHTED_ECMP_timeout_false_RTT.csv.flows.csv.audit.csv,267590,1791392228781468934,
rtt_sym_cdf_10gbps_5s/ENT_load_7_POWER_OF_2_RANDOM_timeout_false_RTT.csv,4470805,1791363592848696512,
rtt_sym_cdf_10gbps_5s/ENT_load_7_POWER_OF_2_RANDOM_timeout_false_RTT.csv.flows.csv,1094879,1791363532279519323,
rtt_sym_cdf_10gbps_5s/ENT_load_7_POWER_OF_2_RANDOM_timeout_false_RTT.csv.flows.csv.audit.csv,267590,1791363532279519323,
conga_sym_cdf_10gbps_5s/ENT_load_8_ECMP.csv,5103197,1791109090805019042,
conga_sym_cdf_10gbps_5s/ENT_load_8_ECMP.csv.flows.csv,1253400,1791109026541260764,
conga_sym_cdf_10gbps_5s/ENT_load_8_ECMP.csv.flows.csv.audit.csv,306820,1791109026541260764,
conga_sym_cdf_10gbps_5s/ENT_load_8_Conga.csv,5105251,1791091972439784890,
conga_sym_cdf_10gbps_5s/ENT_load_8_Conga.csv.flows.csv,1253338,1791091912686939452,
conga_sym_cdf_10gbps_5s/ENT_load_8_Conga.csv.flows.csv.audit.csv,306820,1791091912686939452,
rtt_sym_cdf_10gbps_5s/ENT_load_8_WEIGHTED_ECMP_timeout_true_RTT.csv,5102668,1791399365355346483,
rtt_sym_cdf_10gbps_5s/ENT_load_8_WEIGHTED_ECMP_timeout_true_RTT.csv.flows.csv,1252524,1791399346546291459,
rtt_sym_cdf_10gbps_5s/ENT_load_8_WEIGHTED_ECMP_timeout_true_RTT.csv.flows.csv.audit.csv,306820,1791399346546291459,
rtt_sym_cdf_10gbps_5s/ENT_load_8_WEIGHTED_ECMP_timeout_false_RTT.csv,5102107,1791404351942934401,
rtt_sym_cdf_10gbps_5s/ENT_load_8_WEIGHTED_ECMP_timeout_false_RTT.csv.flows.csv,1252280,1791404333106879297,
rtt_sym_cdf_10gbps_5s/ENT_load_8_WEIGHTED_ECMP_timeout_false_RTT.csv.flows.csv.audit.csv,306820,1791404333106879297,
rtt_sym_cdf_10gbps_5s/ENT_load_8_POWER_OF_2_RANDOM_timeout_false_RTT.csv,5102267,1791378996019757411,
rtt_sym_cdf_10gbps_5s/ENT_load_8_POWER_OF_2_RANDOM_timeout_false_RTT.csv.flows.csv,1252768,1791378934382577096,
rtt_sym_cdf_10gbps_5s/ENT_load_8_POWER_OF_2_RANDOM_timeout_false_RTT.csv.flows.csv.audit.csv,306820,1791378934382577096,
conga_sym_cdf_10gbps_5s/ENT_load_9_ECMP.csv,5786117,1791133932700016983,
conga_sym_cdf_10gbps_5s/ENT_load_9_ECMP.csv.flows.csv,1423624,1791133906949514541,
conga_sym_cdf_10gbps_5s/ENT_load_9_ECMP.csv.flows.csv.audit.csv,349768,1791133906949514541,
conga_sym_cdf_10gbps_5s/ENT_load_9_Conga.csv,5787277,1791126826460325739,
conga_sym_cdf_10gbps_5s/ENT_load_9_Conga.csv.flows.csv,1424034,1791126802630786180,
conga_sym_cdf_10gbps_5s/ENT_load_9_Conga.csv.flows.csv.audit.csv,349768,1791126802630786180,
rtt_sym_cdf_10gbps_5s/ENT_load_9_WEIGHTED_ECMP_timeout_true_RTT.csv,5785655,1791410047642596776,
rtt_sym_cdf_10gbps_5s/ENT_load_9_WEIGHTED_ECMP_timeout_true_RTT.csv.flows.csv,1423317,1791410024338528601,
rtt_sym_cdf_10gbps_5s/ENT_load_9_WEIGHTED_ECMP_timeout_true_RTT.csv.flows.csv.audit.csv,349768,1791410024338528601,
rtt_sym_cdf_10gbps_5s/ENT_load_9_WEIGHTED_ECMP_timeout_false_RTT.csv,5784758,1791416109364329922,
rtt_sym_cdf_10gbps_5s/ENT_load_9_WEIGHTED_ECMP_timeout_false_RTT.csv.flows.csv,1422912,1791416085051258796,
rtt_sym_cdf_10gbps_5s/ENT_load_9_WEIGHTED_ECMP_timeout_false_RTT.csv.flows.csv.audit.csv,349768,1791416085051258796,
rtt_sym_cdf_10gbps_5s/ENT_load_9_POWER_OF_2_RANDOM_timeout_false_RTT.csv,5785355,1791396056210665809,
rtt_sym_cdf_10gbps_5s/ENT_load_9_POWER_OF_2_RANDOM_timeout_false_RTT.csv.flows.csv,1424311,1791396009428528951,
rtt_sym_cdf_10gbps_5s/ENT_load_9_POWER_OF_2_RANDOM_timeout_false_RTT.csv.flows.csv.audit.csv,349768,1791396009428528951,
conga_asym_cdf_10gbps_5s/ENT_load_1_ECMP.csv,656207,1790972711784772569,
conga_asym_cdf_10gbps_5s/ENT_load_1_ECMP.csv.flows.csv,158427,1790972711285771907,
conga_asym_cdf_10gbps_5s/ENT_load_1_ECMP.csv.flows.csv.audit.csv,38390,1790972711285771907,
conga_asym_cdf_10gbps_5s/ENT_load_1_Conga.csv,656649,1790970932319714561,
conga_asym_cdf_10gbps_5s/ENT_load_1_Conga.csv.flows.csv,158459,1790970931846713631,
conga_asym_cdf_10gbps_5s/ENT_load_1_Conga.csv.flows.csv.audit.csv,38390,1790970931846713631,
rtt_asym_cdf_10gbps_5s/ENT_load_1_WEIGHTED_ECMP_timeout_true_RTT.csv,656124,1790996153929134822,
rtt_asym_cdf_10gbps_5s/ENT_load_1_WEIGHTED_ECMP_timeout_true_RTT.csv.flows.csv,158428,1790996152786131684,
rtt_asym_cdf_10gbps_5s/ENT_load_1_WEIGHTED_ECMP_timeout_true_RTT.csv.flows.csv.audit.csv,38390,1790996152786131684,
rtt_asym_cdf_10gbps_5s/ENT_load_1_WEIGHTED_ECMP_timeout_false_RTT.csv,655966,1791016735447980468,
rtt_asym_cdf_10gbps_5s/ENT_load_1_WEIGHTED_ECMP_timeout_false_RTT.csv.flows.csv,158419,1791016734490978807,
rtt_asym_cdf_10gbps_5s/ENT_load_1_WEIGHTED_ECMP_timeout_false_RTT.csv.flows.csv.audit.csv,38390,1791016734490978807,
rtt_asym_cdf_10gbps_5s/ENT_load_1_POWER_OF_2_RANDOM_timeout_false_RTT.csv,656196,1790995653060179463,
rtt_asym_cdf_10gbps_5s/ENT_load_1_POWER_OF_2_RANDOM_timeout_false_RTT.csv.flows.csv,158279,1790995651343177128,
rtt_asym_cdf_10gbps_5s/ENT_load_1_POWER_OF_2_RANDOM_timeout_false_RTT.csv.flows.csv.audit.csv,38390,1790995651343177128,
conga_asym_cdf_10gbps_5s/ENT_load_2_ECMP.csv,1253562,1790974483503440678,
conga_asym_cdf_10gbps_5s/ENT_load_2_ECMP.csv.flows.csv,304933,1790974480413434615,
conga_asym_cdf_10gbps_5s/ENT_load_2_ECMP.csv.flows.csv.audit.csv,73923,1790974480413434615,
conga_asym_cdf_10gbps_5s/ENT_load_2_Conga.csv,1254385,1790973592876289462,
conga_asym_cdf_10gbps_5s/ENT_load_2_Conga.csv.flows.csv,304854,1790973591329284482,
conga_asym_cdf_10gbps_5s/ENT_load_2_Conga.csv.flows.csv.audit.csv,73923,1790973591329284482,
rtt_asym_cdf_10gbps_5s/ENT_load_2_WEIGHTED_ECMP_timeout_true_RTT.csv,1253711,1791024909035169852,
rtt_asym_cdf_10gbps_5s/ENT_load_2_WEIGHTED_ECMP_timeout_true_RTT.csv.flows.csv,304880,1791024906837166037,
rtt_asym_cdf_10gbps_5s/ENT_load_2_WEIGHTED_ECMP_timeout_true_RTT.csv.flows.csv.audit.csv,73923,1791024906837166037,
rtt_asym_cdf_10gbps_5s/ENT_load_2_WEIGHTED_ECMP_timeout_false_RTT.csv,1253163,1791033653680350608,
rtt_asym_cdf_10gbps_5s/ENT_load_2_WEIGHTED_ECMP_timeout_false_RTT.csv.flows.csv,305014,1791033651435346711,
rtt_asym_cdf_10gbps_5s/ENT_load_2_WEIGHTED_ECMP_timeout_false_RTT.csv.flows.csv.audit.csv,73923,1791033651435346711,
rtt_asym_cdf_10gbps_5s/ENT_load_2_POWER_OF_2_RANDOM_timeout_false_RTT.csv,1253844,1791005361024163399,
rtt_asym_cdf_10gbps_5s/ENT_load_2_POWER_OF_2_RANDOM_timeout_false_RTT.csv.flows.csv,304943,1791005357735157232,
rtt_asym_cdf_10gbps_5s/ENT_load_2_POWER_OF_2_RANDOM_timeout_false_RTT.csv.flows.csv.audit.csv,73923,1791005357735157232,
conga_asym_cdf_10gbps_5s/ENT_load_3_ECMP.csv,1869149,1790984709659801590,
conga_asym_cdf_10gbps_5s/ENT_load_3_ECMP.csv.flows.csv,455854,1790984704970797688,
conga_asym_cdf_10gbps_5s/ENT_load_3_ECMP.csv.flows.csv.audit.csv,110879,1790984704969797687,
conga_asym_cdf_10gbps_5s/ENT_load_3_Conga.csv,1870417,1790979233909164086,
conga_asym_cdf_10gbps_5s/ENT_load_3_Conga.csv.flows.csv,455817,1790979229515156952,
conga_asym_cdf_10gbps_5s/ENT_load_3_Conga.csv.flows.csv.audit.csv,110879,1790979229515156952,
rtt_asym_cdf_10gbps_5s/ENT_load_3_WEIGHTED_ECMP_timeout_true_RTT.csv,1868694,1791133171637722442,
rtt_asym_cdf_10gbps_5s/ENT_load_3_WEIGHTED_ECMP_timeout_true_RTT.csv.flows.csv,456171,1791133167061810859,
rtt_asym_cdf_10gbps_5s/ENT_load_3_WEIGHTED_ECMP_timeout_true_RTT.csv.flows.csv.audit.csv,110879,1791133167061810859,
rtt_asym_cdf_10gbps_5s/ENT_load_3_WEIGHTED_ECMP_timeout_false_RTT.csv,1868276,1791330992069324284,
rtt_asym_cdf_10gbps_5s/ENT_load_3_WEIGHTED_ECMP_timeout_false_RTT.csv.flows.csv,455998,1791330985827306012,
rtt_asym_cdf_10gbps_5s/ENT_load_3_WEIGHTED_ECMP_timeout_false_RTT.csv.flows.csv.audit.csv,110879,1791330985827306012,
rtt_asym_cdf_10gbps_5s/ENT_load_3_POWER_OF_2_RANDOM_timeout_false_RTT.csv,1869317,1791100664741829794,
rtt_asym_cdf_10gbps_5s/ENT_load_3_POWER_OF_2_RANDOM_timeout_false_RTT.csv.flows.csv,456081,1791100654222033060,
rtt_asym_cdf_10gbps_5s/ENT_load_3_POWER_OF_2_RANDOM_timeout_false_RTT.csv.flows.csv.audit.csv,110879,1791100654222033060,
conga_asym_cdf_10gbps_5s/ENT_load_4_ECMP.csv,2552928,1791003777848824972,
conga_asym_cdf_10gbps_5s/ENT_load_4_ECMP.csv.flows.csv,622398,1791003756245790018,
conga_asym_cdf_10gbps_5s/ENT_load_4_ECMP.csv.flows.csv.audit.csv,151545,1791003756245790018,
conga_asym_cdf_10gbps_5s/ENT_load_4_Conga.csv,2555020,1790995319591714014,
conga_asym_cdf_10gbps_5s/ENT_load_4_Conga.csv.flows.csv,623132,1790995298328683315,
conga_asym_cdf_10gbps_5s/ENT_load_4_Conga.csv.flows.csv.audit.csv,151545,1790995298328683315,
rtt_asym_cdf_10gbps_5s/ENT_load_4_WEIGHTED_ECMP_timeout_true_RTT.csv,2553226,1791336038803089081,
rtt_asym_cdf_10gbps_5s/ENT_load_4_WEIGHTED_ECMP_timeout_true_RTT.csv.flows.csv,623634,1791336025080048936,
rtt_asym_cdf_10gbps_5s/ENT_load_4_WEIGHTED_ECMP_timeout_true_RTT.csv.flows.csv.audit.csv,151545,1791336025080048936,
rtt_asym_cdf_10gbps_5s/ENT_load_4_WEIGHTED_ECMP_timeout_false_RTT.csv,2551420,1791340731942818537,
rtt_asym_cdf_10gbps_5s/ENT_load_4_WEIGHTED_ECMP_timeout_false_RTT.csv.flows.csv,623524,1791340717229775495,
rtt_asym_cdf_10gbps_5s/ENT_load_4_WEIGHTED_ECMP_timeout_false_RTT.csv.flows.csv.audit.csv,151545,1791340717229775495,
rtt_asym_cdf_10gbps_5s/ENT_load_4_POWER_OF_2_RANDOM_timeout_false_RTT.csv,2552598,1791333777104472635,
rtt_asym_cdf_10gbps_5s/ENT_load_4_POWER_OF_2_RANDOM_timeout_false_RTT.csv.flows.csv,622934,1791333761012425558,
rtt_asym_cdf_10gbps_5s/ENT_load_4_POWER_OF_2_RANDOM_timeout_false_RTT.csv.flows.csv.audit.csv,151545,1791333761011425555,
conga_asym_cdf_10gbps_5s/ENT_load_5_ECMP.csv,3141628,1790943683906561311,
conga_asym_cdf_10gbps_5s/ENT_load_5_ECMP.csv.flows.csv,765432,1790943672357590277,
conga_asym_cdf_10gbps_5s/ENT_load_5_ECMP.csv.flows.csv.audit.csv,187513,1790943672357590277,
conga_asym_cdf_10gbps_5s/ENT_load_5_Conga.csv,3144992,1790942952678116472,
conga_asym_cdf_10gbps_5s/ENT_load_5_Conga.csv.flows.csv,767599,1790942938358137847,
conga_asym_cdf_10gbps_5s/ENT_load_5_Conga.csv.flows.csv.audit.csv,187513,1790942938358137847,
rtt_asym_cdf_10gbps_5s/ENT_load_5_WEIGHTED_ECMP_timeout_true_RTT.csv,3142037,1791346201054818044,
rtt_asym_cdf_10gbps_5s/ENT_load_5_WEIGHTED_ECMP_timeout_true_RTT.csv.flows.csv,767829,1791346178094750876,
rtt_asym_cdf_10gbps_5s/ENT_load_5_WEIGHTED_ECMP_timeout_true_RTT.csv.flows.csv.audit.csv,187513,1791346178094750876,
rtt_asym_cdf_10gbps_5s/ENT_load_5_WEIGHTED_ECMP_timeout_false_RTT.csv,3139201,1791353872718260958,
rtt_asym_cdf_10gbps_5s/ENT_load_5_WEIGHTED_ECMP_timeout_false_RTT.csv.flows.csv,766828,1791353845984182749,
rtt_asym_cdf_10gbps_5s/ENT_load_5_WEIGHTED_ECMP_timeout_false_RTT.csv.flows.csv.audit.csv,187513,1791353845984182749,
rtt_asym_cdf_10gbps_5s/ENT_load_5_POWER_OF_2_RANDOM_timeout_false_RTT.csv,3142343,1791340204401275250,
rtt_asym_cdf_10gbps_5s/ENT_load_5_POWER_OF_2_RANDOM_timeout_false_RTT.csv.flows.csv,768185,1791340179140201351,
rtt_asym_cdf_10gbps_5s/ENT_load_5_POWER_OF_2_RANDOM_timeout_false_RTT.csv.flows.csv.audit.csv,187513,1791340179140201351,
conga_asym_cdf_10gbps_5s/ENT_load_6_ECMP.csv,3745902,1790944760588647924,
conga_asym_cdf_10gbps_5s/ENT_load_6_ECMP.csv.flows.csv,913010,1790944750608611545,
conga_asym_cdf_10gbps_5s/ENT_load_6_ECMP.csv.flows.csv.audit.csv,223095,1790944750608611545,
conga_asym_cdf_10gbps_5s/ENT_load_6_Conga.csv,3745540,1790944767847673917,
conga_asym_cdf_10gbps_5s/ENT_load_6_Conga.csv.flows.csv,914062,1790944761744652090,
conga_asym_cdf_10gbps_5s/ENT_load_6_Conga.csv.flows.csv.audit.csv,223095,1790944761744652090,
rtt_asym_cdf_10gbps_5s/ENT_load_6_WEIGHTED_ECMP_timeout_true_RTT.csv,3745244,1791364058987060166,
rtt_asym_cdf_10gbps_5s/ENT_load_6_WEIGHTED_ECMP_timeout_true_RTT.csv.flows.csv,914415,1791364015786933787,
rtt_asym_cdf_10gbps_5s/ENT_load_6_WEIGHTED_ECMP_timeout_true_RTT.csv.flows.csv.audit.csv,223095,1791364015786933787,
rtt_asym_cdf_10gbps_5s/ENT_load_6_WEIGHTED_ECMP_timeout_false_RTT.csv,3743889,1791373187375764628,
rtt_asym_cdf_10gbps_5s/ENT_load_6_WEIGHTED_ECMP_timeout_false_RTT.csv.flows.csv,914371,1791373156649674741,
rtt_asym_cdf_10gbps_5s/ENT_load_6_WEIGHTED_ECMP_timeout_false_RTT.csv.flows.csv.audit.csv,223095,1791373156649674741,
rtt_asym_cdf_10gbps_5s/ENT_load_6_POWER_OF_2_RANDOM_timeout_false_RTT.csv,3744549,1791351262023623553,
rtt_asym_cdf_10gbps_5s/ENT_load_6_POWER_OF_2_RANDOM_timeout_false_RTT.csv.flows.csv,913553,1791351221332504514,
rtt_asym_cdf_10gbps_5s/ENT_load_6_POWER_OF_2_RANDOM_timeout_false_RTT.csv.flows.csv.audit.csv,223095,1791351221332504514,
conga_asym_cdf_10gbps_5s/ENT_load_7_ECMP.csv,4468108,1790931444700351915,
conga_asym_cdf_10gbps_5s/ENT_load_7_ECMP.csv.flows.csv,1091565,1790931434663322572,
conga_asym_cdf_10gbps_5s/ENT_load_7_ECMP.csv.flows.csv.audit.csv,267590,1790931434663322572,
conga_asym_cdf_10gbps_5s/ENT_load_7_Conga.csv,4467357,1790931293360874620,
conga_asym_cdf_10gbps_5s/ENT_load_7_Conga.csv.flows.csv,1092273,1790931275562813044,
conga_asym_cdf_10gbps_5s/ENT_load_7_Conga.csv.flows.csv.audit.csv,267590,1790931275562813044,
rtt_asym_cdf_10gbps_5s/ENT_load_7_WEIGHTED_ECMP_timeout_true_RTT.csv,4468125,1791384310708305159,
rtt_asym_cdf_10gbps_5s/ENT_load_7_WEIGHTED_ECMP_timeout_true_RTT.csv.flows.csv,1092655,1791384257034148139,
rtt_asym_cdf_10gbps_5s/ENT_load_7_WEIGHTED_ECMP_timeout_true_RTT.csv.flows.csv.audit.csv,267590,1791384257034148139,
rtt_asym_cdf_10gbps_5s/ENT_load_7_WEIGHTED_ECMP_timeout_false_RTT.csv,4466426,1791395370100658641,
rtt_asym_cdf_10gbps_5s/ENT_load_7_WEIGHTED_ECMP_timeout_false_RTT.csv.flows.csv,1091441,1791395322461519277,
rtt_asym_cdf_10gbps_5s/ENT_load_7_WEIGHTED_ECMP_timeout_false_RTT.csv.flows.csv.audit.csv,267590,1791395322461519277,
rtt_asym_cdf_10gbps_5s/ENT_load_7_POWER_OF_2_RANDOM_timeout_false_RTT.csv,4467486,1791366432236002940,
rtt_asym_cdf_10gbps_5s/ENT_load_7_POWER_OF_2_RANDOM_timeout_false_RTT.csv.flows.csv,1092962,1791366369034818050,
rtt_asym_cdf_10gbps_5s/ENT_load_7_POWER_OF_2_RANDOM_timeout_false_RTT.csv.flows.csv.audit.csv,267590,1791366369034818050,
cdf_traffic_10gbps_5s/ENT_load_1.csv,76257,1790924303092564034,f03a02c64c26ab5de914deb2ffcfc1c14b7ecdfaf242740ed9f3b25e948b63d3
cdf_traffic_10gbps_5s/ENT_load_1.csv.manifest.csv,446,1790924303092564034,89cdec3eeb3ce5e17a937a4793db0f35a2b374a9d99b8c19137be0feef19bc16
cdf_traffic_10gbps_5s/ENT_load_2.csv,147820,1790924303094564038,fc9107ff507cbfd0e9310f3d24f66793c69c685d821f9f49eab6a781d145fdab
cdf_traffic_10gbps_5s/ENT_load_2.csv.manifest.csv,447,1790924303094564038,4593ef30912706dac61b559e15113784576c2486fd51a937984f77a6595d7d20
cdf_traffic_10gbps_5s/ENT_load_3.csv,221683,1790924303097564044,e1ee3936078774bb94f607f3f1671970b009d79f311b4a14296c1d8100cf2b06
cdf_traffic_10gbps_5s/ENT_load_3.csv.manifest.csv,443,1790924303097564044,0646689e87878e7461a86e52edc5befa77244dbf1d46516998c460cad382f373
cdf_traffic_10gbps_5s/ENT_load_4.csv,303469,1790924303103564055,3ee1437e86477840768ee09d6fa5816b2201831625b2e4ea2e929440562b9c61
cdf_traffic_10gbps_5s/ENT_load_4.csv.manifest.csv,449,1790924303103564055,98070a7b6241165d3c9f72d21b3642c621fc50d5861573dec133ca57c97d4474
cdf_traffic_10gbps_5s/ENT_load_5.csv,374282,1790924303109564065,72780689fc33f075999d910bbc2412205c0393976502ce5ae01bf5e85b8fbd4e
cdf_traffic_10gbps_5s/ENT_load_5.csv.manifest.csv,434,1790924303109564065,1490aea63b7641040447dca8185af1bfe128b71f65b2bd4f1f04f478a0b1a439
cdf_traffic_10gbps_5s/ENT_load_6.csv,446478,1790924303116564078,9db53c20f9ae44d3053134c440e7529f5a39a3e2678bc6e39a173d7041aeec07
cdf_traffic_10gbps_5s/ENT_load_6.csv.manifest.csv,450,1790924303117564080,d1aaea0c44189375dc596c351d1ad1fbebe10935d70a92e2fd63b1c8d14bc108
cdf_traffic_10gbps_5s/ENT_load_7.csv,535809,1790924303126564097,80dc03a46b05d6b4aefa580724d713e570d934cc39f15476ddb796f0db815005
cdf_traffic_10gbps_5s/ENT_load_7.csv.manifest.csv,458,1790924303126564097,17b01c1b4586c3e2f08992c902a784fd7307fe8427d0e0a16c63f7b0ada98458
cdf_traffic_10gbps_5s/ENT_load_8.csv,614368,1790924303137564117,57450033123fe8a8df215cb81b8b207de70db8c2717a1ba3d9387847fdfbb03e
cdf_traffic_10gbps_5s/ENT_load_8.csv.manifest.csv,444,1790924303137564117,59c303400fe798f963618c6b4eece77f9fb301dd01fcd3ddb1f9fcf319650cff
cdf_traffic_10gbps_5s/ENT_load_9.csv,699782,1790924303149564139,c77444b041a885b22edaae806eacbbe75aded34084fcac36ecc33404e8f9e310
cdf_traffic_10gbps_5s/ENT_load_9.csv.manifest.csv,449,1790924303149564139,2601e31a20b4a911351bc479c01a8730bd624c88b428e02c003333328e9b4ad9
