workload,load,input_flows,target_load,requested_bytes,mean_size_bytes,p99_size_bytes,realized_payload_gbps,realized_load,traffic_seed,trace_sha256
ENT,1,1678,0.1,3074500669,1832241.1615017878,39409124.68000003,4.9192010704,0.12298002675999999,12446,f03a02c64c26ab5de914deb2ffcfc1c14b7ecdfaf242740ed9f3b25e948b63d3
ENT,2,3211,0.2,3603112536,1122115.3958268452,38941618.80000004,5.764980057600001,0.14412450144,12447,fc9107ff507cbfd0e9310f3d24f66793c69c685d821f9f49eab6a781d145fdab
ENT,3,4795,0.3,10098409605,2106029.1147028157,47402363.62000081,16.157455368,0.4039363842,12448,e1ee3936078774bb94f607f3f1671970b009d79f311b4a14296c1d8100cf2b06
ENT,4,6549,0.4,12385146113,1891150.7272866087,39838022.559999876,19.816233780799998,0.49540584451999997,12449,3ee1437e86477840768ee09d6fa5816b2201831625b2e4ea2e929440562b9c61
ENT,5,8057,0.5,13191966649,1637329.8559017004,46284313.159999624,21.107146638400003,0.52767866596,12450,72780689fc33f075999d910bbc2412205c0393976502ce5ae01bf5e85b8fbd4e
ENT,6,9607,0.6,16498643323,1717356.4404080359,56239416.2800002,26.3978293168,0.65994573292,12451,9db53c20f9ae44d3053134c440e7529f5a39a3e2678bc6e39a173d7041aeec07
ENT,7,11459,0.7,19185715246,1674292.2808272974,47500732.12000002,30.6971443936,0.7674286098399999,12452,80dc03a46b05d6b4aefa580724d713e570d934cc39f15476ddb796f0db815005
ENT,8,13074,0.8,21805800810,1667875.2340523177,45683376.0200003,34.889281296,0.8722320324,12453,57450033123fe8a8df215cb81b8b207de70db8c2717a1ba3d9387847fdfbb03e
ENT,9,14826,0.9,23660856341,1595902.8963307703,45384024.25,37.8573701456,0.94643425364,12454,c77444b041a885b22edaae806eacbbe75aded34084fcac36ecc33404e8f9e310
