scenario,benchmark,load,algorithm,label,input_flows,exact_flows,undersized_flows,oversized_flows,missing_flows,exact_percent,missing_payload_bytes,forward_tx_packets,forward_lost_packets,forward_loss_percent,root_queue_disc_drops,root_drops_per_delivered_mib,file_issue_count
sym,ENT,1,ecmp,ECMP,1678,1678,0,0,0,100.0,0,2202108,0,0.0,0,0.0,0
sym,ENT,1,conga,CONGA,1678,1678,0,0,0,100.0,0,2202108,0,0.0,0,0.0,0
sym,ENT,2,ecmp,ECMP,3211,3211,0,0,0,100.0,0,2585243,0,0.0,0,0.0,0
sym,ENT,2,conga,CONGA,3211,3211,0,0,0,100.0,0,2585243,0,0.0,0,0.0,0
sym,ENT,3,ecmp,ECMP,4795,4795,0,0,0,100.0,0,7230447,0,0.0,0,0.0,0
sym,ENT,3,conga,CONGA,4795,4795,0,0,0,100.0,0,7230447,0,0.0,0,0.0,0
sym,ENT,4,ecmp,ECMP,6549,6549,0,0,0,100.0,0,8870104,0,0.0,0,0.0,0
sym,ENT,4,conga,CONGA,6549,6549,0,0,0,100.0,0,8870104,0,0.0,0,0.0,0
sym,ENT,5,ecmp,ECMP,8057,8057,0,0,0,100.0,0,9451913,0,0.0,0,0.0,0
sym,ENT,5,conga,CONGA,8057,8057,0,0,0,100.0,0,9451913,0,0.0,0,0.0,0
sym,ENT,6,ecmp,ECMP,9607,9607,0,0,0,100.0,0,11819399,0,0.0,0,0.0,0
sym,ENT,6,conga,CONGA,9607,9607,0,0,0,100.0,0,11819399,0,0.0,0,0.0,0
sym,ENT,7,ecmp,ECMP,11459,11459,0,0,0,100.0,0,13745464,0,0.0,0,0.0,0
sym,ENT,7,conga,CONGA,11459,11459,0,0,0,100.0,0,13745553,0,0.0,0,0.0,0
sym,ENT,8,ecmp,ECMP,13074,13074,0,0,0,100.0,0,15622704,0,0.0,0,0.0,0
sym,ENT,8,conga,CONGA,13074,13074,0,0,0,100.0,0,15622704,0,0.0,0,0.0,0
sym,ENT,9,ecmp,ECMP,14826,14826,0,0,0,100.0,0,16954073,0,0.0,0,0.0,0
sym,ENT,9,conga,CONGA,14826,14826,0,0,0,100.0,0,16954073,0,0.0,0,0.0,0
asym,ENT,1,ecmp,ECMP,1678,1678,0,0,0,100.0,0,2202108,0,0.0,0,0.0,0
asym,ENT,1,conga,CONGA,1678,1678,0,0,0,100.0,0,2202108,0,0.0,0,0.0,0
asym,ENT,2,ecmp,ECMP,3211,3211,0,0,0,100.0,0,2585243,0,0.0,0,0.0,0
asym,ENT,2,conga,CONGA,3211,3211,0,0,0,100.0,0,2585243,0,0.0,0,0.0,0
asym,ENT,3,ecmp,ECMP,4795,4795,0,0,0,100.0,0,7230447,0,0.0,0,0.0,0
asym,ENT,3,conga,CONGA,4795,4795,0,0,0,100.0,0,7230447,0,0.0,0,0.0,0
asym,ENT,4,ecmp,ECMP,6549,6549,0,0,0,100.0,0,8870104,0,0.0,0,0.0,0
asym,ENT,4,conga,CONGA,6549,6549,0,0,0,100.0,0,8870104,0,0.0,0,0.0,0
asym,ENT,5,ecmp,ECMP,8057,8057,0,0,0,100.0,0,9451913,0,0.0,0,0.0,0
asym,ENT,5,conga,CONGA,8057,8057,0,0,0,100.0,0,9451913,0,0.0,0,0.0,0
asym,ENT,6,ecmp,ECMP,9607,9607,0,0,0,100.0,0,11819425,26,0.0002199768601264444,26,0.001652437443871154,0
asym,ENT,6,conga,CONGA,9607,9607,0,0,0,100.0,0,11819855,0,0.0,0,0.0,0
asym,ENT,7,ecmp,ECMP,11459,11459,0,0,0,100.0,0,13746008,299,0.0021751769677421985,311,0.016997392686102206,0
asym,ENT,7,conga,CONGA,11459,11459,0,0,0,100.0,0,13745824,0,0.0,0,0.0,0
