scenario,workload,load,algorithm,link,bytes,capacity_gbps,utilization_percent,reported_utilization_percent
sym,ENT,1,ecmp,Leaf 0 -> Spine 0,1189905569,10.0,19.038489104,19.04
sym,ENT,1,ecmp,Leaf 0 -> Spine 1,444301532,10.0,7.108824512,7.11
sym,ENT,1,ecmp,Leaf 1 -> Spine 0,871411604,10.0,13.942585664,13.94
sym,ENT,1,ecmp,Leaf 1 -> Spine 1,806644158,10.0,12.906306528,12.91
sym,ENT,1,conga,Leaf 0 -> Spine 0,375541309,10.0,6.008660944,6.01
sym,ENT,1,conga,Leaf 0 -> Spine 1,1258664064,10.0,20.138625024,20.14
sym,ENT,1,conga,Leaf 1 -> Spine 0,974759699,10.0,15.596155184,15.6
sym,ENT,1,conga,Leaf 1 -> Spine 1,703293039,10.0,11.252688624,11.25
sym,ENT,1,weighted_fixed,Leaf 0 -> Spine 0,1215817355,10.0,19.45307768,19.45
sym,ENT,1,weighted_fixed,Leaf 0 -> Spine 1,418389800,10.0,6.6942368,6.69
sym,ENT,1,weighted_fixed,Leaf 1 -> Spine 0,941483378,10.0,15.063734048,15.06
sym,ENT,1,weighted_fixed,Leaf 1 -> Spine 1,736573356,10.0,11.785173696,11.79
sym,ENT,1,weighted_adaptive,Leaf 0 -> Spine 0,263648082,10.0,4.218369312,4.22
sym,ENT,1,weighted_adaptive,Leaf 0 -> Spine 1,1370558263,10.0,21.928932208,21.93
sym,ENT,1,weighted_adaptive,Leaf 1 -> Spine 0,894378972,10.0,14.310063552,14.31
sym,ENT,1,weighted_adaptive,Leaf 1 -> Spine 1,783675494,10.0,12.538807904,12.54
sym,ENT,1,random_two_adaptive,Leaf 0 -> Spine 0,1430603573,10.0,22.889657168,22.89
sym,ENT,1,random_two_adaptive,Leaf 0 -> Spine 1,203607632,10.0,3.257722112,3.26
sym,ENT,1,random_two_adaptive,Leaf 1 -> Spine 0,1236520470,10.0,19.78432752,19.78
sym,ENT,1,random_two_adaptive,Leaf 1 -> Spine 1,441535886,10.0,7.064574176,7.06
sym,ENT,2,ecmp,Leaf 0 -> Spine 0,1016066218,10.0,16.257059488,16.26
sym,ENT,2,ecmp,Leaf 0 -> Spine 1,864889824,10.0,13.838237184,13.84
sym,ENT,2,ecmp,Leaf 1 -> Spine 0,535453006,10.0,8.567248096,8.57
sym,ENT,2,ecmp,Leaf 1 -> Spine 1,1372318984,10.0,21.957103744,21.96
sym,ENT,2,conga,Leaf 0 -> Spine 0,940293732,10.0,15.044699712,15.04
sym,ENT,2,conga,Leaf 0 -> Spine 1,937908314,10.0,15.006533024,15.01
sym,ENT,2,conga,Leaf 1 -> Spine 0,1128164377,10.0,18.050630032,18.05
sym,ENT,2,conga,Leaf 1 -> Spine 1,779617113,10.0,12.473873808,12.47
sym,ENT,2,weighted_fixed,Leaf 0 -> Spine 0,676018136,10.0,10.816290176,10.82
sym,ENT,2,weighted_fixed,Leaf 0 -> Spine 1,1200903656,10.0,19.214458496,19.21
sym,ENT,2,weighted_fixed,Leaf 1 -> Spine 0,613063251,10.0,9.809012016,9.81
sym,ENT,2,weighted_fixed,Leaf 1 -> Spine 1,1304751207,10.0,20.876019312,20.88
sym,ENT,2,weighted_adaptive,Leaf 0 -> Spine 0,883214531,10.0,14.131432496,14.13
sym,ENT,2,weighted_adaptive,Leaf 0 -> Spine 1,958653197,10.0,15.338451152,15.34
sym,ENT,2,weighted_adaptive,Leaf 1 -> Spine 0,788594279,10.0,12.617508464,12.62
sym,ENT,2,weighted_adaptive,Leaf 1 -> Spine 1,1123796360,10.0,17.98074176,17.98
sym,ENT,2,random_two_adaptive,Leaf 0 -> Spine 0,846453385,10.0,13.54325416,13.54
sym,ENT,2,random_two_adaptive,Leaf 0 -> Spine 1,1034738387,10.0,16.555814192,16.56
sym,ENT,2,random_two_adaptive,Leaf 1 -> Spine 0,679326352,10.0,10.869221632,10.87
sym,ENT,2,random_two_adaptive,Leaf 1 -> Spine 1,1235005538,10.0,19.760088608,19.76
sym,ENT,3,ecmp,Leaf 0 -> Spine 0,1412392207,10.0,22.598275312,22.6
sym,ENT,3,ecmp,Leaf 0 -> Spine 1,1343976817,10.0,21.503629072,21.5
sym,ENT,3,ecmp,Leaf 1 -> Spine 0,1722598301,10.0,27.561572816,27.56
sym,ENT,3,ecmp,Leaf 1 -> Spine 1,5129976487,10.0,82.079623792,82.08
sym,ENT,3,conga,Leaf 0 -> Spine 0,1563425094,10.0,25.014801504,25.01
sym,ENT,3,conga,Leaf 0 -> Spine 1,1207640762,10.0,19.322252192,19.32
sym,ENT,3,conga,Leaf 1 -> Spine 0,4123433338,10.0,65.974933408,65.97
sym,ENT,3,conga,Leaf 1 -> Spine 1,3126489273,10.0,50.023828368,50.02
sym,ENT,3,weighted_fixed,Leaf 0 -> Spine 0,1233045861,10.0,19.728733776,19.73
sym,ENT,3,weighted_fixed,Leaf 0 -> Spine 1,1535253803,10.0,24.564060848,24.56
sym,ENT,3,weighted_fixed,Leaf 1 -> Spine 0,3748153192,10.0,59.970451072,59.97
sym,ENT,3,weighted_fixed,Leaf 1 -> Spine 1,3469106621,10.0,55.505705936,55.51
sym,ENT,3,weighted_adaptive,Leaf 0 -> Spine 0,1672552823,10.0,26.760845168,26.76
sym,ENT,3,weighted_adaptive,Leaf 0 -> Spine 1,1086561705,10.0,17.38498728,17.38
sym,ENT,3,weighted_adaptive,Leaf 1 -> Spine 0,2170300280,10.0,34.72480448,34.72
sym,ENT,3,weighted_adaptive,Leaf 1 -> Spine 1,4767465243,10.0,76.279443888,76.28
sym,ENT,3,random_two_adaptive,Leaf 0 -> Spine 0,705973437,10.0,11.295574992,11.3
sym,ENT,3,random_two_adaptive,Leaf 0 -> Spine 1,2061840494,10.0,32.989447904,32.99
sym,ENT,3,random_two_adaptive,Leaf 1 -> Spine 0,3542256304,10.0,56.676100864,56.68
sym,ENT,3,random_two_adaptive,Leaf 1 -> Spine 1,3626042129,10.0,58.016674064,58.02
sym,ENT,4,ecmp,Leaf 0 -> Spine 0,4094117002,10.0,65.505872032,65.51
sym,ENT,4,ecmp,Leaf 0 -> Spine 1,1893728888,10.0,30.299662208,30.3
sym,ENT,4,ecmp,Leaf 1 -> Spine 0,2861578603,10.0,45.785257648,45.79
sym,ENT,4,ecmp,Leaf 1 -> Spine 1,3217864154,10.0,51.485826464,51.49
sym,ENT,4,conga,Leaf 0 -> Spine 0,3271899545,10.0,52.35039272,52.35
sym,ENT,4,conga,Leaf 0 -> Spine 1,3168608555,10.0,50.69773688,50.7
sym,ENT,4,conga,Leaf 1 -> Spine 0,3768064594,10.0,60.289033504,60.29
sym,ENT,4,conga,Leaf 1 -> Spine 1,2328138899,10.0,37.250222384,37.25
sym,ENT,4,weighted_fixed,Leaf 0 -> Spine 0,2813429448,10.0,45.014871168,45.01
sym,ENT,4,weighted_fixed,Leaf 0 -> Spine 1,3391958569,10.0,54.271337104,54.27
sym,ENT,4,weighted_fixed,Leaf 1 -> Spine 0,1843051522,10.0,29.488824352,29.49
sym,ENT,4,weighted_fixed,Leaf 1 -> Spine 1,4244425409,10.0,67.910806544,67.91
sym,ENT,4,weighted_adaptive,Leaf 0 -> Spine 0,3584386143,10.0,57.350178288,57.35
sym,ENT,4,weighted_adaptive,Leaf 0 -> Spine 1,2668586327,10.0,42.697381232,42.7
sym,ENT,4,weighted_adaptive,Leaf 1 -> Spine 0,2805869683,10.0,44.893914928,44.89
sym,ENT,4,weighted_adaptive,Leaf 1 -> Spine 1,3283395296,10.0,52.534324736,52.53
sym,ENT,4,random_two_adaptive,Leaf 0 -> Spine 0,2880282037,10.0,46.084512592,46.08
sym,ENT,4,random_two_adaptive,Leaf 0 -> Spine 1,3258123867,10.0,52.129981872,52.13
sym,ENT,4,random_two_adaptive,Leaf 1 -> Spine 0,2989040490,10.0,47.82464784,47.82
sym,ENT,4,random_two_adaptive,Leaf 1 -> Spine 1,3096005847,10.0,49.536093552,49.54
sym,ENT,5,ecmp,Leaf 0 -> Spine 0,3502661895,10.0,56.04259032,56.04
sym,ENT,5,ecmp,Leaf 0 -> Spine 1,3043963073,10.0,48.703409168,48.7
sym,ENT,5,ecmp,Leaf 1 -> Spine 0,3589670250,10.0,57.434724,57.43
sym,ENT,5,ecmp,Leaf 1 -> Spine 1,2547747535,10.0,40.76396056,40.76
sym,ENT,5,conga,Leaf 0 -> Spine 0,3568283440,10.0,57.09253504,57.09
sym,ENT,5,conga,Leaf 0 -> Spine 1,2989345351,10.0,47.829525616,47.83
sym,ENT,5,conga,Leaf 1 -> Spine 0,3487686696,10.0,55.802987136,55.8
sym,ENT,5,conga,Leaf 1 -> Spine 1,2685310433,10.0,42.964966928,42.96
sym,ENT,5,weighted_fixed,Leaf 0 -> Spine 0,2977721332,10.0,47.643541312,47.64
sym,ENT,5,weighted_fixed,Leaf 0 -> Spine 1,3581468538,10.0,57.303496608,57.3
sym,ENT,5,weighted_fixed,Leaf 1 -> Spine 0,3014766708,10.0,48.236267328,48.24
sym,ENT,5,weighted_fixed,Leaf 1 -> Spine 1,3158835425,10.0,50.5413668,50.54
sym,ENT,5,weighted_adaptive,Leaf 0 -> Spine 0,3407195968,10.0,54.515135488,54.52
sym,ENT,5,weighted_adaptive,Leaf 0 -> Spine 1,3060966513,10.0,48.975464208,48.98
sym,ENT,5,weighted_adaptive,Leaf 1 -> Spine 0,3280549126,10.0,52.488786016,52.49
sym,ENT,5,weighted_adaptive,Leaf 1 -> Spine 1,2883497863,10.0,46.135965808,46.14
sym,ENT,5,random_two_adaptive,Leaf 0 -> Spine 0,3096057444,10.0,49.536919104,49.54
sym,ENT,5,random_two_adaptive,Leaf 0 -> Spine 1,3390623175,10.0,54.2499708,54.25
sym,ENT,5,random_two_adaptive,Leaf 1 -> Spine 0,3900452959,10.0,62.407247344,62.41
sym,ENT,5,random_two_adaptive,Leaf 1 -> Spine 1,2261365048,10.0,36.181840768,36.18
sym,ENT,6,ecmp,Leaf 0 -> Spine 0,4502904050,10.0,72.0464648,72.05
sym,ENT,6,ecmp,Leaf 0 -> Spine 1,3441218260,10.0,55.05949216,55.06
sym,ENT,6,ecmp,Leaf 1 -> Spine 0,5258221817,10.0,84.131549072,84.13
sym,ENT,6,ecmp,Leaf 1 -> Spine 1,3661657953,10.0,58.586527248,58.59
sym,ENT,6,conga,Leaf 0 -> Spine 0,4336657783,10.0,69.386524528,69.39
sym,ENT,6,conga,Leaf 0 -> Spine 1,4039874370,10.0,64.63798992,64.64
sym,ENT,6,conga,Leaf 1 -> Spine 0,4898706922,10.0,78.379310752,78.38
sym,ENT,6,conga,Leaf 1 -> Spine 1,4437881324,10.0,71.006101184,71.01
sym,ENT,6,weighted_fixed,Leaf 0 -> Spine 0,4868044593,10.0,77.888713488,77.89
sym,ENT,6,weighted_fixed,Leaf 0 -> Spine 1,3508564640,10.0,56.13703424,56.14
sym,ENT,6,weighted_fixed,Leaf 1 -> Spine 0,4648052190,10.0,74.36883504,74.37
sym,ENT,6,weighted_fixed,Leaf 1 -> Spine 1,4688601234,10.0,75.017619744,75.02
sym,ENT,6,weighted_adaptive,Leaf 0 -> Spine 0,5063602565,10.0,81.01764104,81.02
sym,ENT,6,weighted_adaptive,Leaf 0 -> Spine 1,2483829682,10.0,39.741274912,39.74
sym,ENT,6,weighted_adaptive,Leaf 1 -> Spine 0,1868234180,10.0,29.89174688,29.89
sym,ENT,6,weighted_adaptive,Leaf 1 -> Spine 1,5840020326,10.0,93.440325216,93.44
sym,ENT,6,random_two_adaptive,Leaf 0 -> Spine 0,4085138025,10.0,65.3622084,65.36
sym,ENT,6,random_two_adaptive,Leaf 0 -> Spine 1,4291534506,10.0,68.664552096,68.66
sym,ENT,6,random_two_adaptive,Leaf 1 -> Spine 0,5072581850,10.0,81.1613096,81.16
sym,ENT,6,random_two_adaptive,Leaf 1 -> Spine 1,4264105270,10.0,68.22568432,68.23
sym,ENT,7,ecmp,Leaf 0 -> Spine 0,4955441522,10.0,79.287064352,79.29
sym,ENT,7,ecmp,Leaf 0 -> Spine 1,5005335996,10.0,80.085375936,80.09
sym,ENT,7,ecmp,Leaf 1 -> Spine 0,4934089225,10.0,78.9454276,78.95
sym,ENT,7,ecmp,Leaf 1 -> Spine 1,3460141947,10.0,55.362271152,55.36
sym,ENT,7,conga,Leaf 0 -> Spine 0,5175573505,10.0,82.80917608,82.81
sym,ENT,7,conga,Leaf 0 -> Spine 1,4669486832,10.0,74.711789312,74.71
sym,ENT,7,conga,Leaf 1 -> Spine 0,4097037472,10.0,65.552599552,65.55
sym,ENT,7,conga,Leaf 1 -> Spine 1,4301826778,10.0,68.829228448,68.83
sym,ENT,7,weighted_fixed,Leaf 0 -> Spine 0,5026332140,10.0,80.42131424,80.42
sym,ENT,7,weighted_fixed,Leaf 0 -> Spine 1,5046454660,10.0,80.74327456,80.74
sym,ENT,7,weighted_fixed,Leaf 1 -> Spine 0,3398493521,10.0,54.375896336,54.38
sym,ENT,7,weighted_fixed,Leaf 1 -> Spine 1,4923863593,10.0,78.781817488,78.78
sym,ENT,7,weighted_adaptive,Leaf 0 -> Spine 0,5752206629,10.0,92.035306064,92.04
sym,ENT,7,weighted_adaptive,Leaf 0 -> Spine 1,2272057717,10.0,36.352923472,36.35
sym,ENT,7,weighted_adaptive,Leaf 1 -> Spine 0,2384990874,10.0,38.159853984,38.16
sym,ENT,7,weighted_adaptive,Leaf 1 -> Spine 1,5936475752,10.0,94.983612032,94.98
sym,ENT,7,random_two_adaptive,Leaf 0 -> Spine 0,4980327110,10.0,79.68523376,79.69
sym,ENT,7,random_two_adaptive,Leaf 0 -> Spine 1,5095555157,10.0,81.528882512,81.53
sym,ENT,7,random_two_adaptive,Leaf 1 -> Spine 0,4878296704,10.0,78.052747264,78.05
sym,ENT,7,random_two_adaptive,Leaf 1 -> Spine 1,3463268372,10.0,55.412293952,55.41
sym,ENT,8,ecmp,Leaf 0 -> Spine 0,3867220681,10.0,61.875530896,61.88
sym,ENT,8,ecmp,Leaf 0 -> Spine 1,3745552570,10.0,59.92884112,59.93
sym,ENT,8,ecmp,Leaf 1 -> Spine 0,5317497029,10.0,85.079952464,85.08
sym,ENT,8,ecmp,Leaf 1 -> Spine 1,5195902252,10.0,83.134436032,83.13
sym,ENT,8,conga,Leaf 0 -> Spine 0,3789572614,10.0,60.633161824,60.63
sym,ENT,8,conga,Leaf 0 -> Spine 1,3931322289,10.0,62.901156624,62.9
sym,ENT,8,conga,Leaf 1 -> Spine 0,5199442379,10.0,83.191078064,83.19
sym,ENT,8,conga,Leaf 1 -> Spine 1,5313927322,10.0,85.022837152,85.02
sym,ENT,8,weighted_fixed,Leaf 0 -> Spine 0,3707392156,10.0,59.318274496,59.32
sym,ENT,8,weighted_fixed,Leaf 0 -> Spine 1,3917528675,10.0,62.6804588,62.68
sym,ENT,8,weighted_fixed,Leaf 1 -> Spine 0,5491996713,10.0,87.871947408,87.87
sym,ENT,8,weighted_fixed,Leaf 1 -> Spine 1,4809615457,10.0,76.953847312,76.95
sym,ENT,8,weighted_adaptive,Leaf 0 -> Spine 0,4543786187,10.0,72.700578992,72.7
sym,ENT,8,weighted_adaptive,Leaf 0 -> Spine 1,2395295187,10.0,38.324722992,38.32
sym,ENT,8,weighted_adaptive,Leaf 1 -> Spine 0,4981842178,10.0,79.709474848,79.71
sym,ENT,8,weighted_adaptive,Leaf 1 -> Spine 1,5219193682,10.0,83.507098912,83.51
sym,ENT,8,random_two_adaptive,Leaf 0 -> Spine 0,4659224461,10.0,74.547591376,74.55
sym,ENT,8,random_two_adaptive,Leaf 0 -> Spine 1,2976099916,10.0,47.617598656,47.62
sym,ENT,8,random_two_adaptive,Leaf 1 -> Spine 0,5097782450,10.0,81.5645192,81.56
sym,ENT,8,random_two_adaptive,Leaf 1 -> Spine 1,5239494443,10.0,83.831911088,83.83
sym,ENT,9,ecmp,Leaf 0 -> Spine 0,4857576029,10.0,77.721216464,77.72
sym,ENT,9,ecmp,Leaf 0 -> Spine 1,6115442719,10.0,97.847083504,97.85
sym,ENT,9,ecmp,Leaf 1 -> Spine 0,5366616838,10.0,85.865869408,85.87
sym,ENT,9,ecmp,Leaf 1 -> Spine 1,4407593036,10.0,70.521488576,70.52
sym,ENT,9,conga,Leaf 0 -> Spine 0,5788351379,10.0,92.613622064,92.61
sym,ENT,9,conga,Leaf 0 -> Spine 1,5425796307,10.0,86.812740912,86.81
sym,ENT,9,conga,Leaf 1 -> Spine 0,4888209695,10.0,78.21135512,78.21
sym,ENT,9,conga,Leaf 1 -> Spine 1,5206718631,10.0,83.307498096,83.31
sym,ENT,9,weighted_fixed,Leaf 0 -> Spine 0,5438080351,10.0,87.009285616,87.01
sym,ENT,9,weighted_fixed,Leaf 0 -> Spine 1,5668139751,10.0,90.690236016,90.69
sym,ENT,9,weighted_fixed,Leaf 1 -> Spine 0,4983977810,10.0,79.74364496,79.74
sym,ENT,9,weighted_fixed,Leaf 1 -> Spine 1,4993104870,10.0,79.88967792,79.89
sym,ENT,9,weighted_adaptive,Leaf 0 -> Spine 0,6236246822,10.0,99.779949152,99.78
sym,ENT,9,weighted_adaptive,Leaf 0 -> Spine 1,3821034957,10.0,61.136559312,61.14
sym,ENT,9,weighted_adaptive,Leaf 1 -> Spine 0,2694261585,10.0,43.10818536,43.11
sym,ENT,9,weighted_adaptive,Leaf 1 -> Spine 1,6067419508,10.0,97.078712128,97.08
sym,ENT,9,random_two_adaptive,Leaf 0 -> Spine 0,5471571136,10.0,87.545138176,87.55
sym,ENT,9,random_two_adaptive,Leaf 0 -> Spine 1,5706664219,10.0,91.306627504,91.31
sym,ENT,9,random_two_adaptive,Leaf 1 -> Spine 0,5513243584,10.0,88.211897344,88.21
sym,ENT,9,random_two_adaptive,Leaf 1 -> Spine 1,4499418060,10.0,71.99068896,71.99
