benchmark,load,algorithm,label,link,bytes,utilization_percent
ENT,1,ecmp,ECMP,Leaf 0 -> Spine 0,1189905569,19.04
ENT,1,ecmp,ECMP,Leaf 0 -> Spine 1,444301532,7.11
ENT,1,ecmp,ECMP,Leaf 1 -> Spine 0,871411604,13.94
ENT,1,ecmp,ECMP,Leaf 1 -> Spine 1,806644158,12.91
ENT,1,conga,CONGA,Leaf 0 -> Spine 0,375541309,6.01
ENT,1,conga,CONGA,Leaf 0 -> Spine 1,1258664064,20.14
ENT,1,conga,CONGA,Leaf 1 -> Spine 0,974759699,15.6
ENT,1,conga,CONGA,Leaf 1 -> Spine 1,703293039,11.25
ENT,2,ecmp,ECMP,Leaf 0 -> Spine 0,1016066218,16.26
ENT,2,ecmp,ECMP,Leaf 0 -> Spine 1,864889824,13.84
ENT,2,ecmp,ECMP,Leaf 1 -> Spine 0,535453006,8.57
ENT,2,ecmp,ECMP,Leaf 1 -> Spine 1,1372318984,21.96
ENT,2,conga,CONGA,Leaf 0 -> Spine 0,940293732,15.04
ENT,2,conga,CONGA,Leaf 0 -> Spine 1,937908314,15.01
ENT,2,conga,CONGA,Leaf 1 -> Spine 0,1128164377,18.05
ENT,2,conga,CONGA,Leaf 1 -> Spine 1,779617113,12.47
ENT,3,ecmp,ECMP,Leaf 0 -> Spine 0,1412392207,22.6
ENT,3,ecmp,ECMP,Leaf 0 -> Spine 1,1343976817,21.5
ENT,3,ecmp,ECMP,Leaf 1 -> Spine 0,1722598301,27.56
ENT,3,ecmp,ECMP,Leaf 1 -> Spine 1,5129976487,82.08
ENT,3,conga,CONGA,Leaf 0 -> Spine 0,1563425094,25.01
ENT,3,conga,CONGA,Leaf 0 -> Spine 1,1207640762,19.32
ENT,3,conga,CONGA,Leaf 1 -> Spine 0,4123433338,65.97
ENT,3,conga,CONGA,Leaf 1 -> Spine 1,3126489273,50.02
ENT,4,ecmp,ECMP,Leaf 0 -> Spine 0,4094117002,65.51
ENT,4,ecmp,ECMP,Leaf 0 -> Spine 1,1893728888,30.3
ENT,4,ecmp,ECMP,Leaf 1 -> Spine 0,2861578603,45.79
ENT,4,ecmp,ECMP,Leaf 1 -> Spine 1,3217864154,51.49
ENT,4,conga,CONGA,Leaf 0 -> Spine 0,3271899545,52.35
ENT,4,conga,CONGA,Leaf 0 -> Spine 1,3168608555,50.7
ENT,4,conga,CONGA,Leaf 1 -> Spine 0,3768064594,60.29
ENT,4,conga,CONGA,Leaf 1 -> Spine 1,2328138899,37.25
ENT,5,ecmp,ECMP,Leaf 0 -> Spine 0,3502661895,56.04
ENT,5,ecmp,ECMP,Leaf 0 -> Spine 1,3043963073,48.7
ENT,5,ecmp,ECMP,Leaf 1 -> Spine 0,3589670250,57.43
ENT,5,ecmp,ECMP,Leaf 1 -> Spine 1,2547747535,40.76
ENT,5,conga,CONGA,Leaf 0 -> Spine 0,3568283440,57.09
ENT,5,conga,CONGA,Leaf 0 -> Spine 1,2989345351,47.83
ENT,5,conga,CONGA,Leaf 1 -> Spine 0,3487686696,55.8
ENT,5,conga,CONGA,Leaf 1 -> Spine 1,2685310433,42.96
ENT,6,ecmp,ECMP,Leaf 0 -> Spine 0,4502904050,72.05
ENT,6,ecmp,ECMP,Leaf 0 -> Spine 1,3441218260,55.06
ENT,6,ecmp,ECMP,Leaf 1 -> Spine 0,5258221817,84.13
ENT,6,ecmp,ECMP,Leaf 1 -> Spine 1,3661657953,58.59
ENT,6,conga,CONGA,Leaf 0 -> Spine 0,4336657783,69.39
ENT,6,conga,CONGA,Leaf 0 -> Spine 1,4039874370,64.64
ENT,6,conga,CONGA,Leaf 1 -> Spine 0,4898706922,78.38
ENT,6,conga,CONGA,Leaf 1 -> Spine 1,4437881324,71.01
ENT,7,ecmp,ECMP,Leaf 0 -> Spine 0,4955441522,79.29
ENT,7,ecmp,ECMP,Leaf 0 -> Spine 1,5005335996,80.09
ENT,7,ecmp,ECMP,Leaf 1 -> Spine 0,4934089225,78.95
ENT,7,ecmp,ECMP,Leaf 1 -> Spine 1,3460141947,55.36
ENT,7,conga,CONGA,Leaf 0 -> Spine 0,5175573505,82.81
ENT,7,conga,CONGA,Leaf 0 -> Spine 1,4669486832,74.71
ENT,7,conga,CONGA,Leaf 1 -> Spine 0,4097037472,65.55
ENT,7,conga,CONGA,Leaf 1 -> Spine 1,4301826778,68.83
ENT,8,ecmp,ECMP,Leaf 0 -> Spine 0,3867220681,61.88
ENT,8,ecmp,ECMP,Leaf 0 -> Spine 1,3745552570,59.93
ENT,8,ecmp,ECMP,Leaf 1 -> Spine 0,5317497029,85.08
ENT,8,ecmp,ECMP,Leaf 1 -> Spine 1,5195902252,83.13
ENT,8,conga,CONGA,Leaf 0 -> Spine 0,3789572614,60.63
ENT,8,conga,CONGA,Leaf 0 -> Spine 1,3931322289,62.9
ENT,8,conga,CONGA,Leaf 1 -> Spine 0,5199442379,83.19
ENT,8,conga,CONGA,Leaf 1 -> Spine 1,5313927322,85.02
ENT,9,ecmp,ECMP,Leaf 0 -> Spine 0,4857576029,77.72
ENT,9,ecmp,ECMP,Leaf 0 -> Spine 1,6115442719,97.85
ENT,9,ecmp,ECMP,Leaf 1 -> Spine 0,5366616838,85.87
ENT,9,ecmp,ECMP,Leaf 1 -> Spine 1,4407593036,70.52
ENT,9,conga,CONGA,Leaf 0 -> Spine 0,5788351379,92.61
ENT,9,conga,CONGA,Leaf 0 -> Spine 1,5425796307,86.81
ENT,9,conga,CONGA,Leaf 1 -> Spine 0,4888209695,78.21
ENT,9,conga,CONGA,Leaf 1 -> Spine 1,5206718631,83.31
