scenario,workload,load,algorithm,size_group,n,mean_fct_ms,p99_fct_ms,mean_relative_to_ecmp,mean_relative_to_conga,p99_relative_to_ecmp,p99_relative_to_conga,excluded_input_flows
sym,ENT,1,ecmp,All flows,1678,1.9918907201880858,40.524194987619175,1.0,1.07905083618841,1.0,1.0239922879221421,0
sym,ENT,1,conga,All flows,1678,1.8459655962309895,39.57470721761957,0.9267403967104595,1.0,0.976569854865971,1.0,0
sym,ENT,1,weighted_fixed,All flows,1678,1.976963297661267,46.7688974024325,0.9925059028713136,1.0709643244152236,1.1540981237683114,1.181787578244165,0
sym,ENT,1,weighted_adaptive,All flows,1678,2.1228286552298012,48.65722315367538,1.0657355013076981,1.1499827838417458,1.2006956132883326,1.2295030481491993,0
sym,ENT,1,random_two_adaptive,All flows,1678,2.02738696273874,46.771636272432495,1.0178203764849623,1.0982799283357008,1.154165709811682,1.1818567858313476,0
sym,ENT,1,ecmp,Small (<100 KiB),1584,0.15325517402569167,0.47048582766547453,1.0,1.0445878619144744,1.0,1.1595678851229552,0
sym,ENT,1,conga,Small (<100 KiB),1584,0.14671353134892107,0.4057423749844421,0.9573153551365648,1.0,0.8623902169332369,1.0,0
sym,ENT,1,weighted_fixed,Small (<100 KiB),1584,0.15388759574286262,0.43979316326905993,1.0041265929270677,1.0488984507971515,0.9347638917229241,1.083922189014454,0
sym,ENT,1,weighted_adaptive,Small (<100 KiB),1584,0.1502838274347817,0.463746009478117,0.980611769815929,1.02433515200019,0.9856747689493642,1.1429568072496716,0
sym,ENT,1,random_two_adaptive,Small (<100 KiB),1584,0.15674157996003393,0.466864319478111,1.022749025972577,1.0683512183158055,0.9923026200271893,1.1506422505068952,0
sym,ENT,1,ecmp,Medium (100 KiB-1 MiB),39,1.3319886166773371,2.8950350768308435,1.0,1.0290606329960692,1.0,1.0690144183855481,0
sym,ENT,1,conga,Medium (100 KiB-1 MiB),39,1.294373308985016,2.708134733302285,0.9717600381704815,1.0,0.9354410780634976,1.0,0
sym,ENT,1,weighted_fixed,Medium (100 KiB-1 MiB),39,1.3443601807799048,2.857427636830999,1.0092880404139104,1.0386185897437008,0.9870096772571706,1.0551275760739818,0
sym,ENT,1,weighted_adaptive,Medium (100 KiB-1 MiB),39,1.4276932064209484,3.0928172844802577,1.0718509066408899,1.1029995724652846,1.068317724103683,1.142047050483671,0
sym,ENT,1,random_two_adaptive,Medium (100 KiB-1 MiB),39,1.3805715653952981,3.2045468768310506,1.0364739969318595,1.0665945873666651,1.106911243486219,1.1833040791598441,0
sym,ENT,1,ecmp,Large (>=1 MiB),55,55.41252503215446,594.0408556676334,1.0,1.0827928678449676,1.0,1.00058601400595,0
sym,ENT,1,conga,Large (>=1 MiB),55,51.17555414124535,593.6929432876333,0.9235376679108106,1.0,0.9994143292053387,1.0,0
sym,ENT,1,weighted_fixed,Large (>=1 MiB),55,54.93011663215445,596.7880513876335,0.9912942353787328,1.0733663280039225,1.004624590537485,1.0052133146182616,0
sym,ENT,1,weighted_adaptive,Large (>=1 MiB),55,59.42503392306356,639.8879279476336,1.0724115872463986,1.1611996180647015,1.0771783149973302,1.077809556576824,0
sym,ENT,1,random_two_adaptive,Large (>=1 MiB),55,56.360624904881746,615.1254515076334,1.017109847857991,1.1013192890755128,1.0354935113281112,1.0361003250288197,0
sym,ENT,2,ecmp,All flows,3211,1.449614894502204,44.627365359534295,1.0,1.0766075878292194,1.0,1.0603262609707411,0
sym,ENT,2,conga,All flows,3211,1.3464654261122988,42.0883335650646,0.9288435371483081,1.0,0.9431059446594185,1.0,0
sym,ENT,2,weighted_fixed,All flows,3211,1.4159704541409492,44.66788675953429,0.9767907735434739,1.0516203585184767,1.0009079944485528,1.0612890313293575,0
sym,ENT,2,weighted_adaptive,All flows,3211,1.490872998519649,52.61068660215977,1.0284614239091499,1.1072493727702342,1.1788884729875702,1.2500064066644168,0
sym,ENT,2,random_two_adaptive,All flows,3211,1.391801476875301,40.877921902033634,0.9601180852610127,1.0336704158040677,0.915983311421282,0.971241159710926,0
sym,ENT,2,ecmp,Small (<100 KiB),3037,0.16030649611860182,0.48471873030372564,1.0,1.076013283579315,1.0,1.0568676869722984,0
sym,ENT,2,conga,Small (<100 KiB),3037,0.14898189322100996,0.45863709930648167,0.9293565565227412,1.0,0.9461922361017467,1.0,0
sym,ENT,2,weighted_fixed,Small (<100 KiB),3037,0.15283641544689006,0.4273517455424871,0.9534012603819557,1.0258724207522456,0.8816489209622821,0.9317862558190299,0
sym,ENT,2,weighted_adaptive,Small (<100 KiB),3037,0.156645378239121,0.4748316212250002,0.9771617621985066,1.0514390363313648,0.9796023787392533,1.0353101001707161,0
sym,ENT,2,random_two_adaptive,Small (<100 KiB),3037,0.1550795379361897,0.4558926274491863,0.9673939714923032,1.0409287637802673,0.9405302476418089,0.9940160273526818,0
sym,ENT,2,ecmp,Medium (100 KiB-1 MiB),81,1.6553243767857984,3.6758992285117964,1.0,1.0492021192181449,1.0,1.14523746478113,0
sym,ENT,2,conga,Medium (100 KiB-1 MiB),81,1.5776982780203779,3.209726665040869,0.9531052041194791,1.0,0.873181353869796,1.0,0
sym,ENT,2,weighted_fixed,Medium (100 KiB-1 MiB),81,1.6024962286376474,2.8914305467843358,0.9680859238895948,1.0157178029302185,0.7865913527653868,0.9008338866597912,0
sym,ENT,2,weighted_adaptive,Medium (100 KiB-1 MiB),81,1.6592957471561622,3.722317249209627,1.0023991493305229,1.0517193117800503,1.0126276640931267,1.1596991387932503,0
sym,ENT,2,random_two_adaptive,Medium (100 KiB-1 MiB),81,1.5751026360450575,3.2233272492097957,0.9515371477241759,0.9983547919069943,0.8768812877698973,1.0042373029196097,0
sym,ENT,2,ecmp,Large (>=1 MiB),93,43.373992720588525,187.56718972374222,1.0,1.0776150389010628,1.0,1.1824714474242335,0
sym,ENT,2,conga,Large (>=1 MiB),93,40.24998831198638,158.62301802916093,0.9279751710033542,1.0,0.845686381838894,1.0,0
sym,ENT,2,weighted_fixed,Large (>=1 MiB),93,42.502309032416484,168.8209214774492,0.9799030793916679,1.0559582950179234,0.9000557172397613,1.0642901867269572,0
sym,ENT,2,weighted_adaptive,Large (>=1 MiB),93,44.914604613061634,168.867204117449,1.0355192546463867,1.1158911218785657,0.9003024695639177,1.0645819643048577,0
sym,ENT,2,random_two_adaptive,Large (>=1 MiB),93,41.618437333491755,169.3904218374491,0.9595251606554669,1.0339987433262896,0.9030919644684942,1.0678804623822549,0
sym,ENT,3,ecmp,All flows,4795,4.195717470572397,73.3463457722083,1.0,1.2501935984010593,1.0,1.184129741801983,0
sym,ENT,3,conga,All flows,4795,3.3560541950770895,61.941139710409956,0.7998761162102849,1.0,0.8445020547142256,1.0,0
sym,ENT,3,weighted_fixed,All flows,4795,3.911698367548411,78.88448827113515,0.932307381272448,1.16556471980887,1.075506726894434,1.273539502823802,0
sym,ENT,3,random_two_adaptive,All flows,4795,4.004853502272084,85.49097352767299,0.9545098139617407,1.1933220590259543,1.1655791795433443,1.3801969729224275,0
sym,ENT,3,ecmp,Small (<100 KiB),4537,0.23268794444694618,0.8839659227723309,1.0,1.1765490564528844,1.0,1.1386432844090226,0
sym,ENT,3,conga,Small (<100 KiB),4537,0.1977715618152504,0.7763326187192382,0.8499433104938668,1.0,0.8782381749337931,1.0,0
sym,ENT,3,weighted_fixed,Small (<100 KiB),4537,0.23003919174692095,0.8727783934590353,0.9886167170958479,1.163156065692668,0.9873439359763906,1.1242325421014892,0
sym,ENT,3,random_two_adaptive,Small (<100 KiB),4537,0.23803968502442022,0.8900247763607194,1.0229996469743805,1.2036092693993414,1.006854170994948,1.1464477401826112,0
sym,ENT,3,ecmp,Medium (100 KiB-1 MiB),100,2.377647688270089,7.620606911819122,1.0,1.0760514279863516,1.0,1.090326521139782,0
sym,ENT,3,conga,Medium (100 KiB-1 MiB),100,2.2096041382700964,6.989288771819342,0.929323612228582,1.0,0.917156448652319,1.0,0
sym,ENT,3,weighted_fixed,Medium (100 KiB-1 MiB),100,2.490748878270067,6.962705261818854,1.0475685235276666,1.1272376056554996,0.9136680768850707,0.9961965357465739,0
sym,ENT,3,random_two_adaptive,Medium (100 KiB-1 MiB),100,2.277927478270076,6.963963251818931,0.9580592993268205,1.0309210771362287,0.9138331542883055,0.9963765240173617,0
sym,ENT,3,ecmp,Large (>=1 MiB),158,119.1455398646319,1495.1239762115197,1.0,1.2571762882129716,1.0,1.3027901675476532,0
sym,ENT,3,conga,Large (>=1 MiB),158,94.77234098488508,1147.632223096918,0.7954333925765193,1.0,0.7675833184114219,1.0,0
sym,ENT,3,weighted_fixed,Large (>=1 MiB),158,110.53057576969522,1310.5529341269178,0.9276937759925832,1.1662746179006316,0.8765513462286354,1.1419624752173247,0
sym,ENT,3,random_two_adaptive,Large (>=1 MiB),158,113.26261863678381,1337.8147287069178,0.9506240751056899,1.1951020462272604,0.8947851482502432,1.1657172932080861,0
asym,ENT,1,ecmp,All flows,1678,3.143862086695834,58.39386257764794,1.0,1.2910798968283308,1.0,1.18343713526604,0
asym,ENT,1,conga,All flows,1678,2.4350639293656817,49.34259779208368,0.7745454037791168,1.0,0.8449962995078714,1.0,0
asym,ENT,1,weighted_fixed,All flows,1678,2.784765966314434,48.78897703620565,0.8857786663413069,1.1436110291526709,0.8355154956795262,0.9887800646773638,0
asym,ENT,1,weighted_adaptive,All flows,1678,3.0945074013561515,58.12102929934488,0.9843012562324088,1.2708115643445348,0.9953277062646736,1.1779077693527837,0
asym,ENT,1,random_two_adaptive,All flows,1678,2.7419491343716356,48.66749897367544,0.8721594837047688,1.126027576239403,0.8334351732420667,0.9863181338515471,0
asym,ENT,1,ecmp,Small (<100 KiB),1584,0.22629118602064055,0.889542483901145,1.0,1.439392907732598,1.0,1.850694752781673,0
asym,ENT,1,conga,Small (<100 KiB),1584,0.1572129366519566,0.48065326957031934,0.69473734004654,1.0,0.5403376210458032,1.0,0
asym,ENT,1,weighted_fixed,Small (<100 KiB),1584,0.22290304965701155,0.6128064086274432,0.9850275372045646,1.417841650973558,0.688900664912531,1.2749448457414267,0
asym,ENT,1,weighted_adaptive,Small (<100 KiB),1584,0.2559074297075195,0.7470700556259137,1.1308767000946187,1.6277759016362385,0.8398362856707985,1.5542806070865969,0
asym,ENT,1,random_two_adaptive,Small (<100 KiB),1584,0.20846410394993145,0.49415026679160584,0.9212206079070042,1.3259984094784543,0.5555105863235205,1.02808052722361,0
asym,ENT,1,ecmp,Medium (100 KiB-1 MiB),39,1.7629932577030227,5.012854564814001,1.0,1.335394027679362,1.0,2.2450350122540024,0
asym,ENT,1,conga,Medium (100 KiB-1 MiB),39,1.320204539754262,2.232862533302375,0.7488426481416819,1.0,0.4454273517079832,1.0,0
asym,ENT,1,weighted_fixed,Medium (100 KiB-1 MiB),39,1.675239308985041,4.301090250612877,0.9502244558596242,1.268924063309814,0.8580121754983464,1.9262673749340136,0
asym,ENT,1,weighted_adaptive,Medium (100 KiB-1 MiB),39,1.8006288218055084,5.702735793131424,1.0213475371718213,1.3639014013242756,1.137622430373266,2.5540021869134732,0
asym,ENT,1,random_two_adaptive,Medium (100 KiB-1 MiB),39,1.4259413859081258,3.494467610004034,0.8088184000011227,1.0800912608386766,0.6971013351419052,1.5650169044825888,0
asym,ENT,1,ecmp,Large (>=1 MiB),55,88.1490655594272,1103.2730773876337,1.0,1.2807206082067852,1.0,1.4087785615802728,0
asym,ENT,1,conga,Large (>=1 MiB),55,68.82770917760905,783.1415862476331,0.7808104231259,1.0,0.7098347655704438,1.0,0
asym,ENT,1,weighted_fixed,Large (>=1 MiB),55,77.35317323215449,925.8666974476344,0.8775268658974669,1.1238667414099979,0.8391999373717448,1.1822468806488218,0
asym,ENT,1,weighted_adaptive,Large (>=1 MiB),55,85.76366412306358,931.1378156676342,0.9729390048411181,1.246063034028221,0.8439776468328339,1.1889776153110634,0
asym,ENT,1,random_two_adaptive,Large (>=1 MiB),55,76.63948714124541,989.6735373276342,0.8694305113146955,1.1134975732444932,0.8970340685472139,1.2637223647764437,0
asym,ENT,2,ecmp,All flows,3211,2.210076724150293,68.93788020959384,1.0,1.2488574173313851,1.0,1.2353768485256011,0
asym,ENT,2,conga,All flows,3211,1.7696789829481774,55.803118126966595,0.8007319219329658,1.0,0.8094695972273408,1.0,0
asym,ENT,2,weighted_fixed,All flows,3211,1.8283480100425387,55.22018940520113,0.827278071418757,1.033152355686918,0.8010137421880914,0.9895538324500228,0
asym,ENT,2,weighted_adaptive,All flows,3211,2.001586632590028,61.692988421766266,0.9056638671037889,1.1310450380415924,0.8949069544087993,1.1055473330611865,0
asym,ENT,2,random_two_adaptive,All flows,3211,1.6633582445489188,58.195435722138185,0.7526246606612398,0.939920889933306,0.8441721089364064,1.0428706795510683,0
asym,ENT,2,ecmp,Small (<100 KiB),3037,0.22431286687922516,0.9251497877780489,1.0,1.3859554005606705,1.0,1.7384346282703538,0
asym,ENT,2,conga,Small (<100 KiB),3037,0.16184710329674554,0.5321740448178496,0.7215239390787488,1.0,0.5752301431057806,1.0,0
asym,ENT,2,weighted_fixed,Small (<100 KiB),3037,0.1984886785354653,0.6355375891018239,0.8848742441615525,1.226396237512745,0.6869564231627913,1.1942288341389389,0
asym,ENT,2,weighted_adaptive,Small (<100 KiB),3037,0.24276806740605672,0.675134980908032,1.082274373216264,1.499984012447496,0.7297574834119753,1.2686356794028062,0
asym,ENT,2,random_two_adaptive,Small (<100 KiB),3037,0.1776376502180432,0.5677789373665119,0.7919191292476642,1.0975645939881038,0.6137156867647974,1.0669046017846455,0
asym,ENT,2,ecmp,Medium (100 KiB-1 MiB),81,2.247085660736416,7.111480434477809,1.0,1.3594553982589528,1.0,1.7523878112738598,0
asym,ENT,2,conga,Medium (100 KiB-1 MiB),81,1.6529307718474961,4.058165885842515,0.735588678584597,1.0,0.570649940365125,1.0,0
asym,ENT,2,weighted_fixed,Medium (100 KiB-1 MiB),81,1.9588387224647774,7.291013395094006,0.8717240987701491,1.1850700318654999,1.0252455114332857,1.7966277377989246,0
asym,ENT,2,weighted_adaptive,Medium (100 KiB-1 MiB),81,1.959543919995656,6.409443454811828,0.8720379263839337,1.185496666509182,0.901281176804991,1.5793941487636267,0
asym,ENT,2,random_two_adaptive,Medium (100 KiB-1 MiB),81,1.742440574316655,4.9300940954498005,0.7754224081273438,1.0541521786596744,0.6932584770321194,1.2148577052133651,0
asym,ENT,2,ecmp,Large (>=1 MiB),93,67.02477683886812,301.62999341819284,1.0,1.2326037018795937,1.0,1.2366184058226861,0
asym,ENT,2,conga,Large (>=1 MiB),93,54.376582462524034,243.91517383046488,0.8112907648055112,1.0,0.8086568947150106,1.0,0
asym,ENT,2,weighted_fixed,Large (>=1 MiB),93,54.939240935642324,254.90823453819286,0.8196855480432228,1.0103474408952802,0.8451024105708781,1.0450691957170684,0
asym,ENT,2,weighted_adaptive,Large (>=1 MiB),93,59.474032247470284,236.1874464117013,0.8873439801291646,1.093743474747781,0.783037004162384,0.9683179717874593,0
asym,ENT,2,random_two_adaptive,Large (>=1 MiB),93,50.112044010911106,206.22581751046494,0.7476644664014874,0.9215739890503045,0.6837046116449851,0.8454817069060401,0
asym,ENT,3,ecmp,All flows,4795,5.613872817600546,115.1750838591214,1.0,1.1867534586332522,1.0,1.1830741971385441,0
asym,ENT,3,conga,All flows,4795,4.730445718747576,97.35237581691067,0.8426349994814167,1.0,0.845255523633819,1.0,0
asym,ENT,3,weighted_fixed,All flows,4795,5.453584951072919,108.8945260508337,0.9714478984944058,1.1528691534202407,0.9454694748391077,1.1185605398642784,0
asym,ENT,3,random_two_adaptive,All flows,4795,4.755535350447266,87.2502351034536,0.8471042193078847,1.0053038620864532,0.757544359248528,0.8962311846147851,0
asym,ENT,3,ecmp,Small (<100 KiB),4537,0.3860819065364268,1.3548964056329662,1.0,1.2434315154891582,1.0,1.027704222706392,0
asym,ENT,3,conga,Small (<100 KiB),4537,0.3104971216565511,1.3183719359106407,0.8042260370138731,1.0,0.9730426108073832,1.0,0
asym,ENT,3,weighted_fixed,Small (<100 KiB),4537,0.4130596206647117,1.2938311245064331,1.06987562398431,1.3303170685157193,0.9549299261016156,0.9813855174433332,0
asym,ENT,3,random_two_adaptive,Small (<100 KiB),4537,0.3546854696838857,1.140551588808684,0.9186793363765705,1.1423148394792932,0.841799848362468,0.8651212588357088,0
asym,ENT,3,ecmp,Medium (100 KiB-1 MiB),100,4.532003638270089,12.234571179179834,1.0,1.389959966754406,1.0,0.948061243256484,0
asym,ENT,3,conga,Medium (100 KiB-1 MiB),100,3.260528178270083,12.904832115228606,0.7194451810975728,1.0,1.0547841788839634,1.0,0
asym,ENT,3,weighted_fixed,Medium (100 KiB-1 MiB),100,3.877468428270083,9.45052637234465,0.8555748710188925,1.189214819277325,0.7724444309439362,0.7323246275472555,0
asym,ENT,3,random_two_adaptive,Medium (100 KiB-1 MiB),100,2.8909498482701057,7.630148296512341,0.6378966300595492,0.8866507787103186,0.6236547390804295,0.59126288729539,0
asym,ENT,3,ecmp,Large (>=1 MiB),158,156.41560877602433,1722.2216578839261,1.0,1.1797789548595317,1.0,1.284799152379878,0
asym,ENT,3,conga,Large (>=1 MiB),158,132.58043647222686,1340.4598335029993,0.84761640804066,1.0,0.7783317712715371,1.0,0
asym,ENT,3,weighted_fixed,Large (>=1 MiB),158,151.19076897855592,1767.7048779250013,0.9665964296124053,1.1403701254990783,1.0264096202906656,1.3187302101439997,0
asym,ENT,3,random_two_adaptive,Large (>=1 MiB),158,132.30689268741673,1434.214465358582,0.8458675813925354,0.9979367711248451,0.8327699624453595,1.0699421418772208,0
